name,namex,category,price_elasticity,price_mean,impressions_mean,imp_mean_pct,intercept,slope
Elite SC-LX501 7.2-Channel Network A/V Receiver,0,"receiver, amplifier, home",-0.1415728792899864,783.6447397660819,37.26315789473684,0.3115401251779046,0.3556457577137033,-0.0163513564522961
"Power Acoustik EG1-4500D Edge Series Monoblock Class D Amp, 4,500 Watts Max",1,"car, speaker, subwoofer",-0.1335555595676941,159.89731578947365,22.26315789473684,0.2508697465225032,0.2843747958979217,-0.018890087184954
PYLE - Amplifier - Black,2,"receiver, amplifier, home",-3.762006432038557,194.9862719298245,6.684210526315789,0.037789111473322,0.1799519918969813,-0.0195731502032574
Details About Sony Kd70x690e 70inch 4k Ultra Hd Smart Led Tv (2017 Model),3,"tv, television, led",-0.2753143794341305,1597.2151403508767,7.105263157894737,0.3555821371610845,0.4534790125914504,-0.0311130298273256
Sennheiser - RS 175 Over-the-Ear Wireless Headphone System - Black,4,headphone,-0.2577780049084768,259.34778947368414,13.526315789473683,0.7730621425358268,0.972340559308985,-0.0901497599688095
Silencio 352 microATX Case (Black),5,"case, computer",1.0276546857049074,65.11435463659147,20.789473684210527,1.0770454545454546,-0.0297853535353536,5.257446338383839
Alpha a7S II Mirrorless Digital Camera Body with Accessories Kit,6,"camera, mirrorless",-0.0723243520799342,3129.595385751225,74.05263157894737,2.7283791010531746,2.9257073517652783,-1.6068157557985645
PowerShot G5 X Digital Camera Free Accessory Kit,7,"camera, shoot, point",0.1004558056768093,928.8218838763574,48.31578947368421,1.166369995396261,1.0492013577914732,0.5154386593639507
iHome iBN43BC Bluetooth Stereo Dual Alarm FM Clock Radio and Speakerphone with USB Charging,8,"radio, portable, satellite",-1.3210063369414586,78.97442105263156,23.894736842105264,0.1309210526315789,0.3038685927969409,-0.0232226379020627
GoSafe S30 1080p Dash Cam,9,"car, gps, dash",-0.0289302381150012,135.64409398496235,18.57894736842105,0.0822657133028649,0.0846456799774173,-0.0025121870453607
"LG - 65 Class - OLED - B7A Series - 2160p - Smart - 4K UHD TV with HDR""",10,"tv, 4k, television",0.0780397098730974,3022.527300751879,11.63157894736842,0.83056797049383,0.7657506870466042,0.0129865656157288
"Sony 65 Class 4K (2160P) Smart OLED TV (XBR65A1E)""",11,"tv, 4k, television",0.2216450233904118,4583.044077800603,36.78947368421053,2.791320771717351,2.172638413979917,0.1972113580497103
Cyber-shot DSC-WX220 Digital Camera (Black),12,"camera, shoot, point",-0.3966647158733413,210.5061322055138,50.94736842105263,0.4987940266281378,0.6966480174799078,-0.0923480638121966
MG278Q 27 Widescreen LED Backlit TN Gaming Monitor,13,"monitor, computer",-0.0454166025032187,517.7285964912281,17.05263157894737,1.0958834757155014,1.1456547799219183,-0.2026403099832681
M.Zuiko Digital ED 40-150mm f/4-5.6 R Lens (Silver),14,"lens, camera",-0.0270299803958025,124.29493734335836,17.526315789473685,1.9475700400228704,2.000212820024141,-0.0465215265127507
4TB My Book Desktop USB 3.0 External Hard Drive,15,"drive, storage, hard",-2.1666666666666674,111.64037092731832,10.789473684210526,0.3139384086752508,0.9941382941382944,-0.1491207441207441
Gear 360 Spherical VR Camera,16,"camera, camcorder, action",-0.3796112894297955,208.909332541881,18.894736842105264,0.2819500103252964,0.3889814172996263,-0.179435005809906
HD 700 Stereo Headphones,17,headphone,2.226469495599531,491.6385380116959,10.157894736842104,-0.0318350801245538,0.0390447546627321,-0.0113700297829511
Details About Samsung Electronics Un49mu8000 49inch 4k (2160p) Uhd Led Lcd Internet Smart Tv,18,"tv, television, led",2.124275279607858,987.3204429824564,40.0,0.0317686122741524,-0.0357166654472763,0.0052847043905734
Dell DW316 External USB Slim DVD R/W Optical Drive 429-AAUX,19,"drive, dvd, computer",-0.3162484795372047,32.04675438596492,16.263157894736842,0.8223285486443381,1.0823887018331464,-0.3167399301658561
Canon Black EOS Rebel T5i Digital SLR Camera with 18 Megapixels and 18-135mm Lens Included,20,"camera, mirrorless",-5.643998370829535,755.0693737555985,97.63157894736842,0.0137130606997133,0.0911095529479822,-0.0044549576729617
Thermaltake - SMART Series 650W Bronze Power Supply - Black,21,"power, computer, supply",-0.0197431124586619,60.90973684210527,11.736842105263158,1.034194649519727,1.0546128707893414,-0.2586308027484499
Details About 128gb Sony Xqd Qdg128e/j Memory Card,22,"card, memory, camera",-0.2180810938743892,177.98791228070172,18.42105263157895,2.2392853881883363,2.7276311951413845,-0.1831296776073932
1500-Watt Digital Infrared Heater with Wi-Fi Phone App - White,23,"tablet, computer, ipad",-0.1220068146508155,3165.1710964912286,23.94736842105263,1.3855810750230535,1.554631408427069,-0.1140339527104009
"Details About Kenwood Ddx375bt Car Double Din 6.2 Touchscreen Usb Dvd Cd Bluetooth Stereo""",24,"car, gps, dash",-0.1896730241216323,216.52078947368412,38.578947368421055,0.2432782717273273,0.2894215972289336,-0.3131154230466147
"MSI - 15.6 Laptop - Intel Core i7 - 16GB Memory - NVIDIA GeForce GTX 1060 - 1TB Hard Drive + 256GB Solid State Drive - Black""",25,"laptop, computer",-130.97278150634327,1474.0338596491229,13.36842105263158,0.0003264279580068,0.0430796055796055,-0.3046163905538905
fr Case for Galaxy S7 (Black),26,"phone, cell",-0.3455110945620154,57.57280701754385,2.6842105263157894,0.6716791979949875,0.9037518128887724,-0.0501065873066126
EOS Rebel SL2 DSLR Camera Body Deluxe Kit,27,"camera, mirrorless",-0.0102084671412662,562.397257759784,12.31578947368421,0.6529312854620805,0.6595967130352248,-0.0243905275639505
M-Audio - Over-the-Ear Headphones - Black,28,headphone,-0.7071640457936573,146.4201879699248,5.7368421052631575,0.1623646436665826,0.2771830819756888,-0.0103883348946334
Sennheiser - HD 599 Over-the-Ear Headphones HD 5 - Brown/ivory/matte metallic,29,headphone,0.0261254227625231,231.4841353383458,32.68421052631579,1.2847332851020958,1.2511690848917183,0.2232019313990095
Razer Ripsaw USB 3.0 Game Stream and Capture Card for PC,30,"tv, streaming, medium",-0.4257083039067694,175.3903157894737,23.894736842105264,0.6426056308666008,0.916168184063761,-0.2058490499305364
Adventura SH 140 II Shoulder Bag (Black),31,"camera, bag",-0.0146353055195743,33.42092105263158,8.105263157894736,0.603401934322987,0.6122329059829063,-0.0163696060037523
"Refurbished Samsung Curved 65 4K (2160P) Smart QLED TV (2017 Model) + 1 Year Extended Warranty (QN65Q7CAMFXZA)""",32,"tv, 4k, television",0.0834613177729337,3375.960697767144,32.421052631578945,0.6165070587743207,0.5650525672327004,0.0034086357313824
Toshiba X300 4TB Performance Desktop and Gaming Hard Drive 7200 RPM 128MB Cache SATA 6.0Gb/s 3.5 Inch Internal Hard Drive (HDWE140XZSTA),33,"drive, storage, hard",-0.6100274889303993,138.67557894736842,38.05263157894737,2.8710896559580767,4.622533269276227,-0.6200763103051834
Alpha a5100 Mirrorless Digital Camera with 16-50mm Lens (White),34,"camera, mirrorless",-0.3726863355250867,566.6912009971453,124.15789473684212,0.4455013528200764,0.6115336194740595,-0.0478350643372773
Cooler Master - HAF X Ultimate Full-Tower Chassis - Black,35,"case, computer",-0.4988512321325936,188.4123947368421,7.736842105263157,0.4088209233720069,0.6127617447177173,-0.258325040371233
"Details About Samsung 55 Class 4k (2160p) Smart Led Tv (un55mu7000fxza)""",36,"tv, television, led",0.4719993138760653,909.5162624545976,343.89473684210526,0.6260461689924639,0.3305528067732816,0.0228984698770945
"Sony - 55 Class - LED - X800E Series - 2160p - Smart - 4K UHD TV with HDR""",37,"tv, 4k, television",-0.5453044933519086,1254.6866918307917,44.47368421052632,0.4745192785451159,0.7332767733178736,-0.0433245520153228
"MTX - Monitor Series Dual 6-1/2 200W 2-way Center-Channel Speaker (Each) - Black""",38,"speaker, center, channel",-0.0881311690630086,82.93422419685578,44.73684210526316,1.665772645511581,1.8125791361536976,-0.2324436101833508
Details About New Oem Apple Ipad Air 2 Otterbox Defender Rugged Series Case With Kick Stand,39,"case, computer",-2.60368207581045,50.66191239462292,61.73684210526316,-0.0539602080698882,-0.1944554346284586,0.0217338766870705
Pyle Backup Rear View Car Camera Monitor Screen System Kit - Parking and Reverse Safety Distance Scale Lines,40,"car, gps, dash",1.5644241029663215,46.204166666666666,7.842105263157895,0.1166135034556087,-0.065819472081692,0.0164081729477335
UBD-M9500 HDR UHD Upscaling Blu-ray Disc Player,41,"player, ipod",0.204260890639637,315.07371376674007,25.526315789473685,0.4319060414914842,0.3436845287837936,0.0183184989879228
HT-XT2 170W 2.1-Channel TV Speaker Base (Black),42,"sound, speaker, home",-0.2055170213569737,179.45004636591477,32.05263157894737,1.0939298384269824,1.3187510403940117,-0.0630494883745173
mophie powerstation Plus Mini External Battery with Built in Cables for Smartphones and Tablets (4,43,"power, battery, cell",-0.1214073901927542,55.97912280701755,25.473684210526315,4.7798596571172745,5.360169943575517,-0.4033864186356068
Actiontec 300 Mbps Wireless-N ADSL Modem Router (GT784WN),44,"networking, modem, router",-0.2181100666211444,70.00748538011699,14.421052631578949,0.33866332823478,0.4125292093182064,-0.0217861509469465
DP-300F Fully Automatic Turntable,45,"turntable, cd, audio",0.2647043820078576,256.7020701754386,21.36842105263158,1.8792605045477544,1.381812014059666,3.297042320676862
Linksys Velop Tri-Brand Whole Home WiFi System-- White (AC6600),46,"networking, modem, router",-2.386872449285716,481.4024210526314,2.3684210526315788,0.2029352226720648,0.6873157146576782,-0.1474876498033117
Olympus TG-5 Waterproof Camera with 3-Inch LCD,47,"camera, shoot, point",0.1502750147725284,462.46270818070815,86.94736842105263,0.6406417084617866,0.5443692662587936,0.4736461706411112
MyWirelessTV2 Multi-Room Wireless HD Video Kit,48,"tv, streaming, medium",-0.2495225506413303,187.9761879699248,25.31578947368421,0.5284829380139462,0.6603513486776101,-0.0668133280695897
NETGEAR Nighthawk X10 AD7200 802.11ac/ad Quad-Stream WiFi Router,49,"networking, modem, router",-0.0160691171475491,434.3161403508772,13.947368421052632,0.7861315315955205,0.7987639712701112,-0.0043838603436935
"4TB Network OEM HDD Retail Kit (8-Pack, WD40EFRX, Red Drives)",50,"drive, storage, hard",-0.2374910358165074,426.5799421506856,24.05263157894737,1.0230471079372552,1.266011625290356,-1.097936954092932
Master and Dynamic MH40S2 Award Winning Over-ear,51,headphone,0.2331479486728954,387.2676842105263,13.473684210526317,0.6254013301226923,0.4795902929072863,1.1543373779552977
Apple - iPod touch® 32GB MP3 Player - Space Gray,52,"player, ipod",0.2696082441115928,202.8855795739348,50.31578947368421,1.1957313154681577,0.8733522950755425,0.5459065427550277
CORSAIR - ML Series 140mm Case Cooling Fan - White,53,"tablet, computer, ipad",-0.4748564276926104,33.039035087719306,11.68421052631579,0.0785694073894413,0.1158785955083168,-0.0049057063962535
EA9300 Tri-Band Wireless-AC4000 MAX-STREAM MU-MIMO Gigabit Router,54,"networking, modem, router",-0.1312491084044443,288.533373433584,15.68421052631579,0.2190208869775432,0.2477671831152964,-0.121373250359402
"Sanus Tilt TV Wall Mount for 46 - 90"" - Bracket fits most LED""",55,"mount, tv, stand",0.7920215329981913,109.05912280701754,3.0,0.0864661654135338,0.0179831005302315,0.0012677930166769
EcoXGear Ecostone Bluetooth Speaker,56,"speaker, portable, bluetooth",-0.6829122676559062,127.88916666666664,7.421052631578948,0.1911616161616161,0.3217082289433133,-0.0751632012985529
"AOC - 18.5 LED Monitor - Black""",57,"monitor, computer",-0.0802076109080744,68.45499999999998,5.105263157894737,-0.0704412546517809,-0.0760911793967676,0.0029957740508301
Alpha a7 II Mirrorless Digital Camera Body with Accessory Kit,58,"camera, mirrorless",-0.4967548971351906,1718.7585292177812,75.3157894736842,2.046270607759587,3.0627655530279645,-0.7860106262831059
4K Video Camera,59,"camera, camcorder, action",-2.095234321410865,370.8026908419373,60.94736842105263,0.5278488906732903,1.6338160029306197,-0.0472800332523073
Sony - XB7 Extra Bass Audio System with Bluetooth - Black,60,"speaker, portable, bluetooth",-0.4271277626296494,276.3548453235361,21.57894736842105,2.941450088157364,4.197825083198804,-0.2305924724245911
RS 195 Digital Wireless Headphone System,61,headphone,0.0636409519235448,446.0824874686717,13.736842105263158,0.6198593202463173,0.5804108830471602,0.0158031389984575
Samsung - 850 EVO 500GB Internal SATA Solid State Drive for Laptops and PC,62,"drive, storage, hard",-0.0610356585590148,182.055730994152,4.2105263157894735,0.4153110047846889,0.4406597854685286,-0.0080870177181652
"Details About Openbox Excellent: Alienware Aw2518h 25 Led Fhd Gsync Monitor Black""",63,"monitor, computer",2.8474759235112077,554.3042543859649,9.578947368421051,0.0209602954755309,-0.0387236412407242,0.0829752290933303
"ELECTRIC100H Spectrum Motorized Projection Screen (49 x 87, 110V, 60Hz)",64,"screen, projector, projection",-0.2807344141555254,195.1099974937343,8.31578947368421,0.6744152046783626,0.8637467620613215,-0.135747154350046
Seagate Backup Plus 2TB Portable External Hard Drive for Mac USB 3.0 + 2mo Adobe CC Photography (STDS2000100),65,"drive, storage, hard",-0.8677429134455056,80.72320175438597,10.263157894736842,0.1681020733652312,0.3139714562634071,-0.1036081598155268
XBR-X850E-Series 75-Class HDR UHD Smart LED TV,66,"tv, television, led",-0.3082945130655698,2995.291518968361,37.10526315789474,0.4886216326702495,0.6392610009876278,-0.022819428893198
GoPro HERO6 Black Camera,67,"camera, camcorder, action",0.0380592864153947,593.055626705653,20.789473684210527,0.5248565031459769,0.5048808391657617,0.0583904024037061
Razer Naga Chroma MMO Gaming Mouse 12 Programmable Thumb Buttons 16000 DPI Wired,68,"mouse, keyboard",-0.2613911533841792,67.64048245614035,11.789473684210526,0.6035217875606892,0.7612770437036592,-0.0276550810399793
The Rebel BT On-Ear Wireless Bluetooth Headphones (Black),69,"headphone, earbud, bluetooth",0.0253556302770593,42.7985,38.578947368421055,0.2542204337475419,0.2477745144205655,0.0075600288402808
Samsung Radiant360 R1 Wi-Fi/Bluetooth Speaker WAM1500/ZA - Black (Certified Refurbished),70,"wireless, speaker, audio",-54.96284889224074,163.2636842105263,32.36842105263158,0.0018737953396581,0.1048629254482737,-0.0406817769659812
Details About Razer Mamba Chroma Professional Grade Esports Wired/wireless Ergonomic Gaming,71,"mouse, keyboard",-0.0267786354068518,136.70244360902254,11.0,0.4136913138461126,0.4247694027105792,-0.0263104610531081
Toshiba - 1TB Internal SATA Hard Drive for Laptops,72,"drive, storage, hard",-0.1342172592641732,56.18400103199175,23.05263157894737,0.242776615835363,0.2753614278262165,-0.6191114278262165
Clarity - Super-Loud Phone Ringer - White,73,"phone, cell",1.7978182812607455,34.61684210526317,5.052631578947368,0.1201754385964912,-0.0958781618708089,0.0179258445802563
Details About Fits Chevy Silverado Pickup 19992006 Speaker Upgrade Pioneer Tsg1345r Tsg4620s,74,"car, speaker, subwoofer",0.2843460059898103,37.231266917293226,14.894736842105264,0.1560516858183193,0.1116790122279035,0.0188910550176866
Details About Microsoft Arc Mouse Bluetooth 4.0 Souris Wireless For Surface Windows 10,75,"mouse, keyboard",7.40449532506336,76.68539473684211,9.947368421052632,0.0113888888888888,-0.0729400856465549,0.1780278351303814
SiriusXM - Onyx Plus Satellite Radio Receiver with Home Kit - Black,76,"radio, portable, satellite",0.1401705556016065,77.21908771929822,18.105263157894736,0.0548912524885064,0.0471971151295244,0.0121823841517215
Nikon - COOLPIX B700 20.2-Megapixel Digital Camera - Black,77,"camera, shoot, point",-0.2081693458386576,436.1367293233084,25.63157894736842,0.8233156759682276,0.9947047616532458,-0.256216729817618
iPhone 7 Smart Battery Case (Black),78,"phone, cell",0.1858418791902299,84.13657894736842,2.210526315789474,0.4338731443994602,0.3532413439140904,0.0360471578640476
32GB High Speed UHS-I SDHC U3 Memory Card (Class 10),79,"card, memory, camera",-0.4141015447523852,39.22052631578948,10.31578947368421,0.2298454469507101,0.3250248015873015,-0.0430573270975056
Apple - Smart Cover for Apple iPad and iPad® Air 2 - Charcoal Gray,80,"case, computer",-0.1542548389579237,37.18898864809082,62.73684210526316,3.09397003145105,3.5712298803931737,-0.1792672908711767
Tablo DUAL OTA DVR for Cord Cutters - 64 GB with WiFi - For use with HDTV Antennas,81,"tv, streaming, medium",-0.5541246084232505,204.3759649122806,5.2631578947368425,0.1123072833599149,0.1745395127748068,-0.065689575493497
CORSAIR HYDRO SERIES H100i v2 AIO Liquid CPU Cooler,82,"tablet, computer, ipad",0.1203767473339798,112.8382527910686,16.0,0.3436885643239943,0.3023164528547866,0.0306261084901927
Belkin Travel RockStar Surge Protector with 2 AC Outlets,83,"power, battery, cell",-0.1888210622104494,27.776008771929828,7.263157894736842,1.0618238613661952,1.2623185707497615,-0.0440999939603323
Toshiba - 1TB Internal SATA Hard Drive for Desktops,84,"drive, storage, hard",1.332613403424992,52.12087719298246,6.2631578947368425,0.6529657477025899,-0.2171851596633031,0.7188203147805202
T113UWS1 Portable Tripod Screen (80x80),85,"screen, projector, projection",3.620517703858013,103.14398684210524,21.73684210526316,-0.0065232603198764,0.0170943191551107,-0.007447867386303
Samsung Galaxy Grand Prime G530A AT_T Unlocked 4G LTE Phone w/ 8MP Camera - White,86,"phone, cell",-0.1434593410945662,389.62026087986686,8497.21052631579,694.4832055649115,794.113308636496,-283.7501421564212
Wireless HD Digital Kit,87,"tv, streaming, medium",-0.8320770844327768,207.34822368421047,7.7894736842105265,0.4056042884990253,0.7430983223067251,-0.0672157928967117
JVC KW-R920BTS 2-DIN Bluetooth In-Dash Car Stereo and SiriusXM Ready #KW92BT,88,"car, gps, dash",20101.94444445914,108.20296428571427,40.89473684210526,4.889592990275915e-06,-0.098285437053553,0.0900007810257504
Denon AVRX2300W  Dealer ReCertified  7.2 AV Receiver w/ Dolby Atmos,89,"receiver, amplifier, home",-0.188448333821035,569.407149122807,16.31578947368421,0.32342333105491,0.3843719189110568,-0.006838719503544
"Rand McNally 0528011715 IntelliRoute 7 TND 730 GPS Unit""",90,"car, gps, dash",-0.5833333333333336,328.50684210526305,4.7368421052631575,-0.0728070175438596,-0.1152777777777778,0.0054894179894179
EF 50mm f/1.4 USM Lens,91,"lens, camera",0.1006419398431591,450.2256779448621,51.94736842105263,0.9599173002491244,0.8633093610630442,0.011980099061474
Philips174 Blu-Ray Disc Player,92,"player, ipod",1.2872301232152223,226.0826725650332,149.78947368421052,2.2589002223454107,-0.6488241891951643,0.5597326741913058
"Asus - 17.3 Laptop - Intel Pentium - 8GB Memory - 1TB Hard Drive - Black""",93,"laptop, computer",1.497928229591914,513.552842105263,8.631578947368421,-0.017880957653601,0.0089034335878655,-0.0848172389313109
Sony MDRXB950B1 Extra Bass Wireless Headphones App Control BLACK #97 (GRADE A),94,"headphone, earbud, bluetooth",0.2698349817389279,170.42333140543667,23.42105263157895,0.3454671447288442,0.252248024039537,0.0645478012302011
DUB-1340 4-Port USB 3.1 Gen 1 Hub,95,"networking, adapter, switch",0.0184613674652826,40.72080263157896,16.894736842105264,0.0552335813905686,0.0542138939480938,8.608780896255401e-05
Pioneer - Elite 7.2-Ch. Hi-Res 4K Ultra HD HDR Compatible A/V Home Theater Receiver - Black,96,"receiver, amplifier, home",-0.201291269317606,591.201605263158,15.578947368421051,0.4219552965899322,0.5068912138358065,-0.0512311881800512
Kingston - HyperX Savage 480GB Internal SATA III Solid State Drive for Laptops,97,"drive, storage, hard",-0.0555555555555555,200.7047368421053,6.105263157894737,-0.0394110275689223,-0.0416005291005291,0.0039000496031746
SanDisk - High Endurance 64GB microSDXC Memory Card,98,"card, memory, camera",1.0,47.02929824561404,2.3157894736842106,0.0175438596491228,0.0,0.0087719298245614
Kenwood - CD - Built-In Bluetooth - Apple® iPod®- and Satellite Radio-Ready - In-Dash Deck - Black,99,"car, gps, dash",-0.1237062299981971,120.90556415412708,16.36842105263158,2.4407529747021552,2.742689323559444,-0.1578933200446372
"Samsung Galaxy Tab E Lite Kids 7; 8 GB Wifi Tablet (White) SM-T113NDWACCC""",100,"tablet, computer, ipad",-0.2191993950056202,71.13504740111146,94.94736842105264,0.3233244409802436,0.3941969628336434,-0.0538631166085838
"VIZIO - 50 Class - LED - M-Series - 2160p - Smart - Home Theater Display with HDR""",101,"tv, 4k, television",-0.0684608177593245,573.2067669172932,9.473684210526317,0.674727047503817,0.7209194129402628,-0.0731379119410394
Sony - Premium Jacket Camera Case - Black,102,"camera, bag",-0.2920486150734839,59.19473684210525,22.31578947368421,0.2130881592469028,0.2753202610435188,-0.0287391303435761
"Alpine - 6-1/2 2-Way Component Car Speakers with Poly-Mica Cones (Pair) - Black""",103,"car, speaker, subwoofer",0.021957140221996,95.43127819548872,45.526315789473685,1.409964871005244,1.3790060746244932,0.0194681792843491
Details About Spring Deals Retal Box Sale Sx720 Canon Powershot Sx 720 Hs Digital Camera,104,"camera, shoot, point",0.0887373529515062,341.0023524720893,26.789473684210527,0.3263128326434062,0.2973566956405226,0.0166259138285788
"VIZIO 39 Class FHD (1080P) Smart LED TV (D39f-E1)""",105,"tv, television, led",0.0252341395649322,283.54924436090226,14.36842105263158,0.8196304326420202,0.7989477639130657,0.0115438151045327
Alpha a6000 Mirrorless Digital Camera with 16-50mm and 55-210mm Lenses Kit (Silver),106,"camera, mirrorless",-0.1093898768352393,723.4360890863522,43.8421052631579,0.1857942426978417,0.2061182520232551,-0.0059767386279107
Details About Razer Kraken Pro V2 Analog Gaming Headset For Pc/xbox One/ps4 Black (p05),107,"headset, game, computer",0.0396388729612274,75.00605263157895,13.526315789473683,0.8396082441311142,0.806327119604802,0.0490187105426308
Details About Sony Kd43x720e 43inch 4k Ultra Hd Smart Led Tv (2017 Model) Kd43x720e,108,"tv, 4k, television",-0.0552982527972183,566.7821979949874,27.36842105263158,1.3792986568397,1.4555714626484852,-0.0612330976211375
Versavu Classic 360 Case for Apple iPad Air,109,"case, computer",-0.1449293100180907,42.88644736842105,25.31578947368421,-0.1060433606641036,-0.1214121517571518,0.0147230435681301
"ViewSonic - 21.5 LED HD Monitor - Black""",110,"monitor, computer",-0.0636941533203758,150.19833333333335,29.26315789473684,0.4151185820588622,0.4415592086706565,-0.0195729313879515
"Planet Audio - 6.2 - Bluetooth - In-Dash DVD Receiver - Black""",111,"car, gps, dash",-0.2548133806604281,110.12093859649126,8.947368421052632,0.2389820705610179,0.2998778998778998,-0.0503052503052503
Details About Wd Red Pro 8tb Nas Desktop Hard Drive Intellipower 6 Gbs 128 Mb Cache Wd8001ffwx,112,"drive, storage, hard",0.7010608184241628,353.83438596491226,8.421052631578947,0.4222013366750208,0.1262125220458552,1.8745958259847155
391 Series C32F391 32 16:9 Curved FreeSync LCD Monitor,113,"monitor, computer",0.9215112737118344,341.75285810113513,39.78947368421053,-0.0385310599542161,-0.0030242538183393,-0.0137242845472245
Everest Elite 700 Around-Ear Wireless Headphones (White),114,headphone,1.333889057993403,287.3495989974937,43.526315789473685,0.2069760079258258,-0.0691070243135891,1.8884079405175984
Sony - Cyber-shot DSC-HX80 18.2-Megapixel Digital Camera,115,"camera, shoot, point",-0.167357963522316,353.10374426450744,55.526315789473685,3.415986014462785,3.987678477263989,-1.392584204259344
Sony MDR-1A Headphone - Black (International Version U.S. warranty may not apply),116,headphone,0.1984494671955529,295.5303809523809,29.68421052631579,0.2343410727831749,0.1878362117473196,0.3638321481040448
"Samsung - 49 Class - LED - Q6F Series - 2160p - Smart - 4K UHD TV with HDR""",117,"tv, television, led",0.7292286573738233,1152.6702412280706,7.736842105263157,0.6706092153460574,0.1815817576167389,0.0672202691036864
"Kicker DSC44 4 D-Series 2-Way Car Speakers with 1/2"" Tweeters""",118,"car, speaker, subwoofer",1.786449654902791,26.01605263157894,11.789473684210526,0.112907268170426,-0.0887958820886484,0.1332994732146927
"2) New Kicker 41KSC6934 6x9 3-Way 300 Watt Car Audio Coaxial Speakers KSC693""",119,"car, speaker, subwoofer",-0.8119091379510532,82.0418045112782,6.684210526315789,1.0144852262234534,1.8381550517106169,-0.0223704485991
ZS-RS60BT CD Boombox,120,"radio, portable, satellite",1.0476783911324177,96.3561829573935,46.10526315789474,-0.017594615630326,0.0008388829658472,-0.1591983969669513
"Kenwood - 6.2 - Apple CarPlay™ - Built-in Navigation - Bluetooth - In-Dash CD/DVD/DM Receiver - Black""",121,"car, gps, dash",0.6545382175529773,664.2131798245614,15.052631578947368,1.710840564545551,0.5910300309105767,0.5390979764965669
"7.0 Tab A 8GB Tablet (Wi-Fi Only, Black)",122,"tablet, computer, ipad",0.9924977001180736,125.15585289528477,223.8421052631579,4.027729671692164,0.030217235840368,2.1784424660002006
iPL24 FM Clock Radio with Lightning Dock and USB Port (Gunmetal),123,"speaker, portable, bluetooth",-0.2661988501731446,58.33263157894738,12.842105263157896,0.3404378516220621,0.4310620162792707,-0.0135047774783291
Optoma - UHD60 4K DLP Projector with High Dynamic Range - White,124,"projector, presentation, screen",0.7438773770830897,1911.3400852130328,22.31578947368421,-0.0434499052146111,-0.0111285036890573,-0.030705331449276
MU9000-Series 65-Class HDR UHD Smart LED TV,125,"tv, 4k, television",-0.4575050620928687,2081.042811301628,44.26315789473684,0.3721400010218441,0.5423959352965831,-0.0115048259351067
V-MODA - Crossfade 2 Wireless Over-the-Ear Headphones - Rose gold,126,"headphone, earbud, bluetooth",-0.0754999543286159,340.6773684210525,11.052631578947368,2.678386249023368,2.880604288499025,-0.1164285681829541
M80UWH Manual Series Projection Screen (39.6 x 69.6),127,"screen, projector, projection",0.1633161142391669,72.60754385964913,9.842105263157896,-0.03921998624011,-0.0328147304868617,-0.0013300531072319
"Samsung - 40 Class (39.5"" Diag.) - LED - 1080p - Smart - HDTV""",128,"tv, television, led",0.0867313315057046,378.2758437761069,29.0,0.5691328599269797,0.519771209181863,0.0103727708478217
TL-SF1008P 8-Port 10/100Mbps Desktop Switch with 4-Port PoE,129,"networking, adapter, switch",0.1639707298286153,46.687000000000005,10.31578947368421,0.0230063795853269,0.0192340067340067,0.0066674496907054
SanDisk - Ultra 32GB microSDHC Class 10 Memory Card,130,"card, memory, camera",-0.0385936121193245,35.407911483253585,12.36842105263158,0.5137734943318194,0.5336018692892517,-0.3187792589310259
Att Samsung Galaxy Express 3,131,"phone, cell",2.094532724612598,64.82350341370667,30.36842105263158,0.3165472309541034,-0.3464713031647681,0.0571227238755287
JOBY GorillaPod 3K Kit. Compact Tripod 3K Stand and Ballhead 3K for Compact Mirrorless Cameras or devices up to 3K (6.6lbs). Black/Charcoal.,132,"camera, shoot, point",1.2676916906091469,73.50137844611531,12.789473684210526,0.1586072019557814,-0.0424578300343295,2.43105902315316
3TB AirPort Time Capsule (5th Generation),133,"drive, storage, hard",-0.2124633860260101,385.8224210526316,23.789473684210527,0.5514617918882891,0.6686272314568459,-0.0428104490731265
BOYO - Concealed Mount License Plate Camera with Night Vision - Black,134,"car, gps, dash",-0.1779102994160764,50.95,15.526315789473683,0.4279106858054227,0.5040404040404041,-0.1205387205387204
Logitech Harmony Smart Control with Smartphone App and Simple All In One Remote - Black,135,"remote, control, tv",-0.2351214916777031,93.3711229034124,91.15789473684212,6.093577933259374,7.526309066581653,-0.3614325054187649
Alpine - UTE - Apple iPod- and Satellite Radio-Ready - In-Dash Receiver - Black,136,"car, gps, dash",-0.0438987101206861,151.40944736842104,28.05263157894737,1.1401421560083584,1.1901929260113435,-0.0475482315028358
Details About *new~sennheiser Hd 4.50 Btnc Wireless Noise Cancelling Headphones~touch Controls,137,headphone,-0.2236931962492807,195.33813909774435,16.63157894736842,0.3899324925216266,0.477157738095238,-0.0220970622119815
MU8000-Series 65-Class HDR UHD Smart LED TV,138,"tv, television, led",-0.1454724473355971,1810.48482657646,31.26315789473684,1.2420753093948809,1.4227630444276729,-0.0147289251295947
LG Electronics OLED65C7P 65-Inch 4K Ultra HD Smart OLED TV - Refurbished,139,"tv, 4k, television",-0.713020448243695,2834.834094959621,79.73684210526316,0.1733770326136141,0.296998402122935,-0.0124573624028839
SanDisk Extreme 500 480GB USB 3.0 Portable SSD (Solid State Drive) - SDSSDEXT-480G,140,"drive, storage, hard",-0.6242878950125094,171.07719298245607,14.052631578947368,0.2038408727055126,0.33109626204435,-0.0658559018757407
iSimple ISBC01 BluClik Bluetooth Remote Control with Steering Wheel and Dash Mounts,141,"car, gps, dash",0.2432950191570881,25.48894736842105,4.7368421052631575,0.0929487179487179,0.0703347578347578,0.0954811649256093
Details About Garmin Etrex 10 Handheld Outdoor Hiking Gps Receiver Brand New 0100097000,142,"car, gps, dash",-0.1044706967644686,380.4372124401913,55.0,0.378584586711653,0.4181355822697079,-0.1409004216755702
Apple - Pre-owned 9.7-inch iPad Pro - 32GB - Space gray,143,"tablet, computer, ipad",-0.5227295252847068,488.73264593301457,12.578947368421051,0.1099074783285309,0.1673593623004431,-0.0522972288768712
GP60NB50 8x Super-Multi Portable DVD Rewriter with M-DISC,144,"drive, dvd, computer",-0.8193982870547885,27.897279904306217,39.42105263157895,0.0571741902990227,0.1040226238937865,-0.0025536696208192
Sony - XB20 Portable Bluetooth Speaker - Blue,145,"speaker, bluetooth, mobile",-0.0435792506793162,89.54764661654136,33.0,0.4253262084653048,0.4438616059244974,-0.0112652301389457
Details About Kenwood 12 Inch 2000 Watt 4 Ohm Single Voice Coil Audio Subwoofer | Kfcw3016ps,146,"car, speaker, subwoofer",-0.2341830466830465,78.22695488721803,43.42105263157895,1.1475563909774438,1.4162946428571428,-0.189112103174603
SiriusXM SXSD2 Portable Speaker Dock Audio System for Dock and Play Radios (Black),147,"speaker, portable, bluetooth",-0.5833333333333334,115.7048947368421,8.210526315789474,0.5784396417136355,0.9158627660465896,-0.0654187690033278
V-MODA - CROSSFADE M-100 Over-the-Ear Headphones - Shadow,148,headphone,-0.4527672453589491,249.9854010025061,61.94736842105263,0.533207618404987,0.7746265629946185,-0.2621119969830286
Grace Digital - 3Play Bluetooth Audio Adapter - Black,149,"wireless, speaker, audio",2.996073886183343,32.91371929824562,6.315789473684211,0.0639451192082771,-0.1276391826005228,0.0208085083900563
PowerShot G7 X Mark II Digital Camera with Free Accessory Kit,150,"camera, shoot, point",-0.1587282591839457,837.2895100833119,91.6842105263158,4.550283241435024,5.272541779141887,-0.3711370308964002
"Sony - 55 Class - OLED - A1E Series - 2160p - Smart - 4K UHD TV with HDR""",151,"tv, 4k, television",-0.1807672097878377,3468.8490267335,20.210526315789476,0.767978168714451,0.9068034394509354,-0.0571751476299105
House of Marley Smile Jamaica In-Ear Earbuds,152,"headphone, earbud, bluetooth",-0.9337686754366596,19.861716791979944,19.94736842105263,0.7894936280365172,1.5266980473538587,-0.1429273874186682
Logitech K800 Wireless Illuminated Keyboard — Backlit Keyboard,153,"keyboard, computer, mouse",-0.1116786163160462,65.82296491228071,16.526315789473685,0.7406823915977233,0.8234007762210169,-0.0171764951676784
LG - Super-Multi 24x External USB 2.0 Double-Layer DVD±/CD-RW Drive - Black,154,"drive, dvd, computer",2.520719016740151,51.85326858813701,10.36842105263158,0.2269355067831522,-0.3451051407387031,0.2689180775979031
Asus RT-AC5300 IEEE 802.11ac Ethernet Wireless Router - 2.40 GHz ISM Band - 5 GHz UNII Band - 8 x Antenna(8 x External) - 5334 Mbit/s Wireless Speed - 4 x Network Port - 1 x Broadband Port - USB - Gig,155,"networking, modem, router",0.1496282085733958,358.9562109440267,24.26315789473684,0.5076749961619833,0.4317124959487601,0.3820466922488577
"Polk Audio - Vanishing Series RT 7 3-Way In-Ceiling Speaker (Each) - White""",156,"speaker, ceiling, wall",0.0141937160140194,179.73666666666662,1.7894736842105263,0.3062656641604009,0.3019186162984632,0.0006402628633861
Source 530 Full Tower Case (Black),157,"case, computer",-0.1258071642395783,97.11789473684212,8.421052631578947,1.6961582901374337,1.909547154721076,-0.4769868737752009
Silicondust HDHomeRun-HD-Television-Tuner,158,"tv, streaming, medium",0.0890896298538655,96.68149122807016,6.421052631578948,0.6887009189640768,0.6273448090135502,0.0568666384907319
Liberate XLBT Bluetooth Headphones (Midnight),159,headphone,-0.1188037588146992,131.25492982456143,16.31578947368421,1.30339993570603,1.4582487473067436,-0.0934008704893193
Sanus WSS2-W1 White Sonos Speaker Stands,160,"mount, tv, stand",-0.3878380208568457,93.32333333333332,16.36842105263158,0.1088554720133667,0.1510737628384687,-0.0943702971384631
LG Electronics OLED65E6P Flat 65-Inch 4K Ultra HD Smart OLED TV (2016 Model),161,"tv, 4k, television",0.1207799715431261,4521.9219184726535,365.5263157894737,1.4682927300754531,1.2909523759199613,0.0758939177107969
"Details About Samsung 24 Class Hd (720p) Smart Led Tv (un24m4500)""",162,"tv, television, led",0.1519433238570929,146.89660526315785,19.26315789473684,0.1345103427558564,0.1140723941843747,0.0029312777720939
Onkyo - TX 7.2-Ch. Network-Ready A/V Home Theater Receiver - Black,163,"receiver, amplifier, home",-0.0971276589152164,414.24274853801165,17.05263157894737,1.202729618163055,1.3195479302832245,-0.1109773965141612
Details About Seagate 4 Terabyte (4tb) Superspeed Usb 3.0 Game Drive For Xbox One Stea4000402,164,"drive, storage, hard",-0.1308252287561788,131.21201754385962,36.63157894736842,0.8223944133629886,0.929984350619005,-0.2955482613779728
AF-S NIKKOR 85mm f/1.8G Lens,165,"lens, camera",-0.1553626789009305,465.32328548644335,166.89473684210526,1.192680880484606,1.377978977150615,-0.2816531069323336
Sigma - 35mm f/1.4 DG HSM Art Standard Lens for Canon - Black,166,"lens, camera",-0.0330427955313633,898.4109030910611,22.789473684210527,0.3973630016717488,0.4104929860877173,-0.0114435643992385
V206HQL Abd 19.5 LED Backlit LCD Monitor (Black),167,"monitor, computer",-0.6353625893792387,81.49563742690059,19.210526315789476,0.1131865795023689,0.1851010977379731,-0.0419348085875134
Seagate Backup Plus Ultra Slim 2TB Portable External Hard Drive,168,"drive, storage, hard",0.0491048616522902,90.29460038986358,77.0,-0.0713753368383364,-0.0678704607975043,-0.0067340876739583
Amazon - Amazon Tap Portable Bluetooth and Wi-Fi Speaker - Black,169,"smart, home, automation",0.1141232730315766,122.78942132420836,655.578947368421,0.7028239634875366,0.6226153924093136,0.0668513690660385
FUGOO - Sport XL Portable Bluetooth Speaker - Black/White,170,"speaker, bluetooth, mobile",-37.7079945799457,233.18983709273172,9.0,-0.0022132253711201,-0.0856695156695157,0.2378504273504273
Lumix G 25mm f/1.7 ASPH. Lens,171,"lens, camera",0.2756286158032306,189.7459523809523,32.10526315789474,1.5936080991202115,1.1543641046268902,1.7119253118714066
Details About Genuine Used Apple 85w Magsafe Power Adapter Mc556ll/b Model A1343 1185cl,172,"charger, computer, laptop",-0.0916963438818603,74.10617612519827,3430.315789473684,12.571059075963074,13.723779231951768,-1.877287111181584
Bower - Electret Condenser Microphone,173,"microphone, musical, recording",0.6966695919540963,35.386992481203016,155.89473684210526,0.9178617222317774,0.2784153707342807,0.1040382787500433
"Samsung - 50 Class (49.5"" Diag.) - LED - 1080p - Smart - HDTV""",174,"tv, television, led",0.842027251151617,478.92989974937353,10.894736842105264,0.3321637426900585,0.0524728195005155,0.0454740292585302
"Samsung Level U PRO Headphones with ANC, Black",175,"headphone, earbud, bluetooth",-0.9438378711050766,88.48337134502923,18.526315789473685,0.3643748614646447,0.7082856549936423,-0.0485100599632587
CORSAIR CL-9011109-WW Lighting Node PRO,176,"tablet, computer, ipad",-1.383469051040502,56.35626754385965,10.68421052631579,0.0154902057776019,0.0369204260651629,-0.0090483152325257
"Refurbished Vizio 55 Class 4K (2160P) Smart LED Home Theater Display (M55-D0)""",177,"tv, 4k, television",-2.0258729129248803,723.5820269905533,35.05263157894737,2.15744913243075,6.5281668908354895,-0.3103790434747552
Pioneer GM-D8601 Class D Mono Amplifier with Wired Bass Boost Remote,178,"car, speaker, subwoofer",-0.1843638524869742,135.19204853041697,31.73684210526316,0.6296956582967663,0.7457887757546795,-0.0608368188412232
Apple MD825AM/A Lightning to VGA Adapter for iPhones,179,"cable, tv, theater",-0.4013006216315166,40.4135701754386,27.36842105263158,0.1659024588429623,0.2324792187068401,-0.0351377343726022
Details About New Arris Surfboard 16x Cable Modem With Wifi Ac1900 Router (sbg6900ac),180,"networking, modem, router",0.1220286267517373,145.6922145548506,60.1578947368421,26.791699797399552,23.52234546277809,1.4955748519747116
"Magellan Roadmate 5322-LM 5 Touchscreen Portable GPS Navigation System""",181,"car, gps, dash",-0.2599061265346966,86.85552631578949,8.421052631578947,0.5754577500662224,0.7250227448703058,-0.0403082964720224
"SAMSUNG 40 Class FHD (1080P) Smart LED TV (UN40J5200AF)""",182,"tv, television, led",-0.4015427259826489,382.3406186868686,1293.5263157894738,0.0672023309789605,0.0941869381526405,-0.0014557763964617
PMX840BT Bluetooth 8-Channel 800-Watt Powered Mixer with MP3,183,"microphone, musical, recording",-0.135661011930277,143.7341447368421,13.210526315789474,3.1293824673326056,3.553917659567814,-0.67218072103908
"Details About Alpine 480w 6.5 2way Typee Coaxial Car Speakers W/ Silk Tweeters | Spe6000""",184,"car, speaker, subwoofer",-0.3135523246859069,62.72571428571429,21.157894736842103,0.183573603140897,0.2411335331566934,-0.0037030654750568
Kicker 43CXA3001 600 Watt MONO Class D Power Car Audio Amplifier Amp CXA300.1,185,"car, speaker, subwoofer",0.0999698508344545,206.7468621553884,32.89473684210526,0.2869492826465501,0.2582630056633208,0.0060704452486388
Boytone - 2500W 2.1-Ch. Home Theater System - Black Diamond,186,"speaker, audio",-0.8307638904609908,66.29552631578947,16.736842105263158,0.065991902834008,0.1208155927713123,-0.0306367679061406
"Portable Bluetooth Wireless Speaker, Red",187,"speaker, audio",-0.3191929993443212,13.689999999999998,12.526315789473683,0.1840510366826156,0.2427988391137714,-0.00250833313751
PyleHome - LCD Projector - Silver/White,188,"projector, presentation, screen",-0.2558649971214738,179.57289473684204,5.2631578947368425,0.6094736842105263,0.7654166666666666,-0.0705456349206349
PowerShot G9 X Digital Camera Accessory Kit (Silver),189,"camera, shoot, point",-0.4433877777702393,514.5622145508,60.526315789473685,0.2914185613347905,0.4206299896460235,-0.0785766667038355
PP999 Phono Preamplifier,190,"turntable, cd, audio",-0.3483396087432821,21.388934837092737,10.0,0.275741076830006,0.3717926156474216,-0.0120593341687063
Razer Kraken Pro Gaming Headset Green,191,"headset, game, computer",0.4346364495181862,73.26528002699057,215.42105263157896,13.033441636665984,7.3686328387029825,48.43411522258366
JBL Clip2 Portable Speaker,192,"speaker, portable, bluetooth",-0.0881216508333098,54.40750545187871,785.0526315789474,2.328128388363821,2.5332869052983344,-0.1865607059610506
SoundSport Wireless In-Ear Headphones (Black),193,"headphone, earbud, bluetooth",-0.1144852078463661,145.91993859649122,85.94736842105263,0.7105407813308187,0.7918871903647968,-0.4755636220447956
"Samsung - 55 Class - LED - Curved - Q7C Series - 2160p - Smart - 4K UHD TV with HDR""",194,"tv, television, led",-0.617408234107429,2162.52769183712,65.78947368421052,0.1613997574135121,0.2610492966235561,-0.0064032667955464
450 Mbps 2.4/5GHz Wireless N Dual Band PCI Express Adapter,195,"networking, adapter, switch",-0.1447921762422739,41.73721804511279,26.31578947368421,-0.1037607563801143,-0.1187845021049355,0.0305840537969573
"Alpine - 5 x 7"" 2-Way Coaxial Car Speakers with Poly-Mica Cones (Pair) - Black""",196,"car, speaker, subwoofer",0.693485690340521,72.12,37.1578947368421,0.3263410121533691,0.1000281900537655,0.0895821587477597
Linksys AC1900 Gigabit Range Extender/WiFi Booster/Repeater MU-MIMO (Max Stream RE7000),197,"networking, modem, router",2.0132678829996835,118.54385964912277,2.789473684210526,0.2543859649122806,-0.2577611281314984,0.0382099270988159
Pinnacle P1 High Fidelity Audiophile In-Ear Headphones,198,"headphone, earbud, bluetooth",1.0991896524855855,192.7249122807017,23.42105263157895,-0.0320737741790373,0.0031813865147198,-0.050238603988604
Cobra - Radar and Laser Detector,199,"radar, detector, vehicle",0.1334588692294938,113.2545739348371,5.947368421052632,1.1756892230576443,1.018783068783069,0.6168035030103995
Microsoft Surface Pro 4 Type Cover with Fingerprint ID,200,"keyboard, computer, mouse",-0.2666666666666666,153.19243652609788,86.73684210526316,0.0579569939205533,0.0734121922993676,-0.0077861416075086
"Power Acoustik Pmd-102x 10.1 Ceiling-Mount Swivel Monitor With DVD""",201,"car, gps, dash",-0.7912188033291749,174.9120526315789,20.210526315789476,0.550563909774436,0.9861804276223972,-0.096240858594317
"Samsung 24 Class HD (720P) LED TV (UN24H4500)""",202,"tv, television, led",2.345320988114449,156.17388157894737,6.368421052631579,0.1744987468671679,-0.2347568265600714,0.0142589044531495
"LG - 65 Class - LED - SJ8500 Series - 2160p - Smart - 4K UHD TV with HDR""",203,"tv, 4k, television",0.6747845636062917,1638.8323508771928,64.36842105263158,0.3246643000463034,0.1055858420210164,0.0156504224933467
"SAMSUNG 65 Class 4K (2160P) Ultra HD Smart QLED HDR TV QN65Q6FNAFXZA (2018 Model)""",204,"tv, television, led",-0.2713521615915747,1444.1534522000188,26.05263157894737,1.006735148555858,1.279914907266705,-0.0241491954320988
Details About Optoma Hd142x Full Hd 10980p 3d Dlp Home Theater Projector,205,"projector, presentation, screen",-0.3008957604628777,543.3864101430046,29.26315789473684,0.7181195270370554,0.9341986482281122,-0.0391266482211171
Vizio 38 5.1 Sound Bar System - Black (sb3851-C0),206,"sound, speaker, home",-0.1566249567394032,234.7040689792664,165.0,6.319023864877933,7.308740704349696,-1.2888538844154585
V-MODA Crossfade Wireless Over-Ear Headphones - Phantom Chrome,207,headphone,-0.436218574020827,176.5203772974102,98.15789473684212,0.1718299825541178,0.2467854125178987,-0.026765004971853
e1659Fwu 16 Widescreen USB 3.1 Gen 1 Powered LED Backlit LCD Monitor,208,"monitor, computer",-0.30131131769506,99.89509941520468,17.63157894736842,0.461280482411918,0.600269512394466,-0.0260690184567464
XB550AP EXTRA BASS Headphones (Black),209,headphone,0.4956404079109918,55.66284795321637,24.05263157894737,0.2494496602468738,0.1258123288888549,0.1019382047358786
Riing 12 LED 120mm Radiator Fan (Blue),210,"tablet, computer, ipad",-0.2744936729031995,15.27031328320802,17.31578947368421,0.4407225255046813,0.5616980702616353,-0.0446937429240969
Sony - RF995RK Wireless Over-the-Ear Headphones - Black,211,headphone,1.3324586627857262,109.4643708743068,252.10526315789477,5.338681718531284,-1.7748909851815131,2.099115226679199
Aeon 71.5 x 130.9 16:9 Fixed Frame Projection Screen with CineWhite Projection Surface,212,"screen, projector, projection",0.6181412578539123,1242.7923684210527,8.210526315789474,0.2061593377382851,0.078723745390412,0.2548711846957461
SRS-XB40 Bluetooth Speaker (Black),213,"speaker, bluetooth, mobile",-0.2160429277272895,225.44414786967417,27.473684210526315,1.0810692452777362,1.3146266101034696,-0.0615212995976019
XB80BS Extra Bass Sports In-Ear Bluetooth Headphones (Black),214,"headphone, earbud, bluetooth",-0.6482929393440033,119.09220614911403,50.1578947368421,2.22253845562827,3.6633944438326025,-0.1685247148584403
"Atrend-Bbox 10 Dual Front-Fire Enclosure for Dodge Ram 19962002""",215,"car, speaker, subwoofer",-1.4255319148936176,87.66157894736841,26.473684210526315,0.0927631578947368,0.225,-0.0358928571428571
"Polk Audio - 7 3-Way Floor Speaker (Each) - Cherry""",216,"speaker, audio",0.9870301764841054,328.3944736842104,25.36842105263158,-0.049161681030876,-0.0006376183267151,-0.0028632210912393
Lumix DMC-G7 Mirrorless Micro Four Thirds Digital Camera with 14-42mm Lens and Accessory Kit (Black),217,"camera, mirrorless",-0.8518587119195611,789.9941394908841,30.05263157894737,0.6587828931632079,1.2199728399678598,-0.1988395606509992
CORSAIR - VENGEANCE LED Series 16GB (2PK 8GB) 3.0GHz DDR4 Desktop Memory with LED Lighting - Black,218,"memory, computer, component",-0.599169958574877,180.4885338345864,11.789473684210526,0.0378591117887598,0.0605431542309126,-0.0291495424618969
Flexson - Wall Mount for Sonos PLAY:1 Speakers (2-Pack) - White,219,"mount, tv, stand",0.2083360696804876,82.85714181286549,152.68421052631578,0.9040153937809938,0.7156763797100031,2.2211014762854746
"Sony - 49 Class - LED - X900E Series - 2160p - Smart - 4K UHD TV with HDR""",220,"tv, television, led",-0.0170339534156193,1184.8845778434495,54.21052631578947,1.362875493899934,1.3860906515743148,-0.0137682742124587
Pioneer - 5.1-Ch. 4K Ultra HD HDR Compatible A/V Home Theater Receiver - Black,221,"receiver, amplifier, home",-0.093113570185276,352.51436842105267,10.526315789473683,1.0763312986252411,1.1765523485423917,-0.0283503714405835
TL-SG108 8-Port 10/100/1000 Mbps Unmanaged Desktop Switch,222,"networking, adapter, switch",-0.5833333333333334,26.144235588972432,18.63157894736842,0.8332277688909898,1.3192773007440672,-0.1552090942051844
T92UWH Portable Tripod Screen (45x80),223,"screen, projector, projection",0.1215431523042052,147.11811403508767,8.421052631578947,1.5973997493734338,1.403246748344639,0.0707138725791775
"PLAYBAR Wireless Soundbar, Wireless Speaker Pair, and Wireless Subwoofer Kit (White)",224,"sound, speaker, home",-0.0514841103929622,829.6998218462824,468.5263157894737,3.524152394081129,3.705590244979624,-33.78372783729977
AVR-S730H 7.2-Channel Network A/V Receiver,225,"receiver, amplifier, home",0.2499045751866198,447.0756466165413,8.578947368421053,0.4173626850219648,0.3130618405228036,0.077497275521723
StarTech.com - DVI Dual-Monitor USB 3.0 Docking Station - Black / Silver,226,"tablet, computer, ipad",3.0927609245938634,152.24631578947375,9.210526315789474,0.1029014844804318,-0.2153482058033496,0.0639867102157867
CORSAIR - Vengeance LPX 16GB (2PK x 8GB) 3.2 GHz DDR4 DRAM Desktop Memory Kit - Black,227,"memory, computer, component",0.6049007979624446,176.1800375939849,6.684210526315789,0.5294590643274855,0.2091888538273402,0.2102349558369475
PLAY:3 Wireless Speaker (Black),228,"wireless, speaker, audio",0.3644904162156058,305.2387814071342,865.8947368421053,-0.1163982860388151,-0.0739722263137443,-0.1219303565207919
Details About Razer Blackwidow Chroma V2,229,"keyboard, computer, mouse",0.03275018124144,159.5312677746999,45.0,0.8149403662605499,0.7882509215645513,0.0152129834767191
"ELECTRIC125H Spectrum Motorized Projection Screen (61 x 109, 110V, 60Hz)",230,"screen, projector, projection",1.3780757477641057,255.8138496240601,12.578947368421051,-0.0407268170426065,0.0153978218074353,-0.0328450145220984
AfterShokz Trekz Titanium Wireless Headphones,231,headphone,-0.0916400972498286,118.6642134502924,51.1578947368421,0.868772573917863,0.94838697707968,-0.2669424106013862
"Sony 43 Class 4K UHD (2160P) Smart LED TV (XBR43X800E)""",232,"tv, television, led",-0.6340972250800595,755.0200339083002,26.68421052631579,0.4371778884068681,0.714391174312023,-0.0589595421514695
Roll Bar Mount,233,"camera, camcorder, action",1.0765318664383356,19.132857142857144,37.05263157894737,0.2008195203918887,-0.0153690927128426,0.0090276563714063
AVR-X3400H 7.2-Channel Network A/V Receiver,234,"receiver, amplifier, home",-0.2932082751280517,948.5807894736844,14.36842105263158,1.4652046783625732,1.8948148148148152,-0.2040648148148149
"Samsung - 40 Class - LED - MU7000 Series - 2160p - Smart - 4K UHD TV with HDR""",235,"tv, television, led",-0.5184856995049648,617.6783164642375,7.157894736842105,0.8158908300162171,1.2389185577368618,-0.0477986499300088
Leviathan Elite Gaming Soundbar,236,"speaker, audio",-0.209644239425396,193.52377192982453,16.789473684210527,2.113758002043232,2.556895190710929,-0.1973345293285842
SRS-XB40 Bluetooth Speaker (Blue),237,"speaker, bluetooth, mobile",-0.1831502754640761,219.46923141186303,23.73684210526316,0.8589804827981934,1.0163029948409477,-0.0364527771806381
"Sony - 2.1-Channel Soundbar System with 6.3 Wireless Subwoofer and Digital Amplifier - Black""",238,"sound, speaker, home",-0.1293155710310738,390.2775208855472,19.05263157894737,1.5033701295474524,1.6977792963209406,-0.0720457500395868
SRS-XB10 Bluetooth Speaker (White),239,"speaker, bluetooth, mobile",0.7845280918575559,54.618396471949104,20.63157894736842,0.2062899327894642,0.0444496854487224,0.4127165009618623
Samsung-3-Pack-Connect-Home-Smart-Wi-Fi-System-AC1300,240,"smart, home, automation",-0.1292441355452274,328.6062280701754,7.105263157894737,0.6505737683369263,0.7346566126340333,-0.0694597409410884
Alpha a7 Mirrorless Digital Camera with 28-70mm Lens and Battery Kit,241,"camera, mirrorless",-1.3913008130368527,1211.2595872033023,11.526315789473683,0.6192319193963931,1.4807697923109655,-0.0655745973493222
"Power Acoustik LP-3CSC License Plate with 2 Backup Sensors and CCD Camera, Chrome",242,"car, gps, dash",-0.5434429504166393,122.82078947368424,7.052631578947368,0.1931286549707602,0.2980830610380673,-0.0090539555744782
My Cloud Expert Series EX4100 24TB 4-Bay NAS Server (4 x 6TB),243,"drive, storage, hard",0.9909160451329128,1247.1808771929825,6.526315789473684,0.4247076023391813,0.0038580246913579,2.9985532407407414
BC 30 Wireless Backup Camera with Car Adapter Power Cable,244,"car, gps, dash",0.3553213551759283,142.39643274853802,12.105263157894736,0.4130325814536341,0.2662732848797168,0.0853599990276866
V-MODA XS On-Ear Folding Design Noise-Isolating Metal Headphone (Matte Black Metal),245,headphone,-0.282825800560726,175.650596491228,14.578947368421051,0.842951243593092,1.081359603895968,-0.1400956344047826
ECOXGEAR - ECOSTONE Bluetooth Waterproof Speaker - Blue,246,"speaker, audio",-1.47714064433729,132.3998684210526,40.1578947368421,0.0812653240972172,0.2013056372964594,-0.0458445417243337
Single DIN Head Unit Receiver - In-Dash Car Stereo with 7” Multi-Color Touchscreen Display - Audio Video System with Bluetooth for Wireless Music Streaming & Hands-free Calling - Pyle PLTS78DUB,247,"car, gps, dash",-0.5790091325741532,145.59557017543852,9.31578947368421,0.6224161803109172,0.982800832972859,-0.0345823656594792
Pioneer 200W 4x6 Inch 3 Way 4 Ohms Coaxial Car Audio Speakers Pair | TS-A4676R,248,"car, speaker, subwoofer",1.201616385958418,48.21671929824564,8.631578947368421,0.574481658692185,-0.1158249158249157,1.171055796055796
CORSAIR M65 Pro RGB - FPS Gaming Mouse - 12,249,"mouse, keyboard",-0.643086506687289,53.476783625731,306.42105263157896,0.1352806082508522,0.2222777420334243,-0.0762897942401017
Seagate - Backup Plus 5TB External USB 3.0 Portable Hard Drive - silver,250,"drive, storage, hard",-0.1336909166575071,145.46868529683337,47.68421052631579,0.5940952737668889,0.673520415498677,-0.2497783767565196
Sony SRSHG1/BLK Hi-Res Wireless Speaker- Charcoal black,251,"speaker, bluetooth, mobile",-0.6052683540073747,175.09607456140355,27.73684210526316,0.1279434485661336,0.2053835690857846,-0.0126116767703431
"Samsung - 65 Class - LED - MU6290 Series - 2160p - Smart - 4K Ultra HD TV with HDR""",252,"tv, television, led",-0.2581827431515978,1256.4870175438598,9.736842105263158,0.1542660068975858,0.1940948277334478,-0.0152595717536154
VXi - BlueParrott B450-XT Bluetooth Headset - Black,253,"phone, cell",-0.8999999999999997,147.56552631578947,2.473684210526316,0.0263157894736842,0.0499999999999999,-0.0029411764705882
"D3400 DSLR Camera with 18-55mm and 70-300mm Lenses (Red, Refurbished)",254,"camera, mirrorless",-0.582544243541494,615.8112325686012,64.73684210526316,0.2600188695400084,0.411491365202707,-0.0166946804758759
AVR-S530BT 5.2-Channel A/V Receiver,255,"receiver, amplifier, home",0.5847375818510712,258.7013875598086,5.684210526315789,1.3097744360902257,0.5439000995604767,0.5596773997717395
HT-NT5 400W 2.1-Channel Soundbar System,256,"sound, speaker, home",-0.0805884752357021,646.5178335261229,27.42105263157895,0.5557482728568965,0.6005351787813088,-0.011832311153382
Sony Premium Noise Cancelling,257,"headphone, earbud, bluetooth",-1.1137597063675992,346.519524291498,26.473684210526315,0.7823003409060286,1.6535949388848,-0.0470858422230765
Cyber-shot DSC-RX100 V Digital Camera,258,"camera, shoot, point",-0.2312292810296019,973.5226312036774,67.73684210526316,2.3570425706890505,2.902059829665645,-0.7503860811996581
Grace Digital - 100W 2.0-Ch. Amplifier - Black,259,"receiver, amplifier, home",-2.004351019766346,148.07350877192982,19.94736842105263,-0.0648592246745897,-0.1948598777923581,0.017855511392079
SRS-ZR7 Wireless Speaker,260,"wireless, speaker, audio",-0.6361343744279033,275.48371929824566,18.63157894736842,0.5623361929803308,0.9200575753200422,-0.0500432416084514
Cyber-shot DSC-WX350 Digital Camera Deluxe Kit (Black),261,"camera, shoot, point",0.2794136632391728,270.57083162657773,42.578947368421055,5.66299523819579,4.080676993785512,1.819684760068312
Sony MDR-1000X/C Wireless Bluetooth Noise Cancelling Hi-Fi Headphones (Certified Refurbished),262,"headphone, earbud, bluetooth",-0.254699296358257,360.3469736842105,17.473684210526315,0.1695203918888129,0.2126971164212695,-0.0137298370898188
Dell USB 3.0 Ultra HD/4K Triple Display Docking Station (D3100),263,"tablet, computer, ipad",-0.2851051082476064,131.4076666666666,11.36842105263158,0.2596416254310991,0.333666779155217,-0.0555920126781913
22 Widescreen Full HD 1080p LED Monitor,264,"monitor, computer",1.1775895814681334,130.54723684210526,11.105263157894736,0.568913919214962,-0.1010331848047805,0.604292742181253
"KICKER - 6.5 2-Way Full-Range Speakers (Pair) - White""",265,"speaker, audio",-0.2253026717334389,95.94453508771927,66.52631578947368,0.7709005715421884,0.9445865299514784,-0.1831655805611385
JBL Cinema SB350 Soundbar System,266,"sound, speaker, home",0.9446443048236725,307.9810526315788,6.526315789473684,0.3864348370927318,0.021391369047619,0.4020768633540372
SiriusXM Commander Touch Full-Color,267,"radio, portable, satellite",-0.4770671155059962,125.25210526315789,13.210526315789474,0.3970760233918129,0.5865079365079365,-0.0899801587301587
"Samsung - 32 Class (31.5"" Diag.) - LED - 720p - Smart - HDTV""",268,"tv, television, led",1.2345952445949833,225.98116541353383,28.05263157894737,0.1598111346977356,-0.0374909322334171,0.1417867075609526
"Refurbished LG 65 Class 4K (2160P) Smart LED TV (65UJ7700)""",269,"tv, 4k, television",-0.4948423373750314,1201.8290701754386,157.94736842105263,0.1045657760302404,0.1563093490504786,-0.0275789982434919
7.2CH AVR WITH WIFI _ BLUETOOTH 2 HDMI OUTPUTS 90 WATTS/CH.,270,"receiver, amplifier, home",-0.1176470588235292,471.0331578947368,4.947368421052632,-0.0963659147869674,-0.107703081232493,0.0020712131006248
Samsung - Fast Charge Wireless Charger - Black,271,"power, battery, cell",-2.800000000000001,42.76526315789474,1.5263157894736843,0.1999999999999999,0.7600000000000001,-0.0690909090909091
"Sony - Core Series Dual 5 3-Way Floorstanding Speaker (Each) - Black""",272,"speaker, audio",0.1091122308892526,182.4589449103528,17.0,1.9028834373684715,1.6952555803949882,0.6304681501706231
PNY - NVIDIA GeForce GTX 1060 6GB GDDR5 PCI Express 3.0 Graphics Card - Black,273,"graphic, card, computer",-0.1875,779.4483771929823,11.789473684210526,-0.0852954755309326,-0.1012883771929824,0.0053309672206832
Escort Solo S3 Cordless Radar Detector,274,"radar, detector, vehicle",0.0794881624497572,281.8701754385964,15.105263157894736,0.1257251520409415,0.1157314907314907,0.0009353673146776
Pioneer Elite VSX-LX101 7.2 Channel Networked AV Receiver with Built-In Bluetooth _ Wi-Fi Black,275,"receiver, amplifier, home",-0.2917457157519263,369.7548157894736,9.36842105263158,0.2319374992505186,0.299604270979073,-0.0158724526276856
"Kenwood - 6.5 2-Way Marine Speakers with Polypropylene Cones (Pair) - Black""",276,"car, speaker, subwoofer",-0.5010629954515503,67.72921052631577,19.105263157894736,1.6608593895223995,2.493054570260326,-0.249658554221378
Sandisk Flash Mp3 Player 8gb - Pink (sdmx24008p),277,"player, ipod",-0.6204230876038064,40.36049129061513,169.89473684210526,0.5215771488378863,0.8451756539434778,-0.1201351546575912
"LG - 55 Class - LED - UJ7700 Series - 2160p - Smart - 4K UHD TV with HDR""",278,"tv, 4k, television",-3.408314543354312,821.0436842105263,2.263157894736842,0.1666666666666666,0.7347190905590519,-0.0164577554955097
"Pyle BT Vintage Style Turntable with AM/FM Radio, CD _ Cassette Players, USB Flash Recording _ Slide-Out /MP3 Dock",279,"turntable, cd, audio",0.1626414713015358,145.6963596491228,5.578947368421052,0.356998556998557,0.2989357864357864,0.0282869907869907
Turtle Beach - EAR FORCE Stealth 450 Over-the-Ear Wireless Gaming Headset for PC - Black/Red,280,"headset, game, computer",-0.9873430538679624,81.01105263157896,1.368421052631579,0.0526315789473684,0.1045970028351559,-0.0049615228837586
New OEM Braven LUX Pearl Portable HD Wireless Bluetooth Speaker Power Bank,281,"speaker, portable, bluetooth",-0.3571428571428571,55.24105263157895,9.842105263157896,0.0211988304093567,0.0287698412698412,-0.0008219954648526
Cerwin Vega - SL Series 2-Way Center-Channel Loudspeaker - Black,282,"speaker, center, channel",-0.339495277140375,182.6532456140351,13.63157894736842,1.3853415590257696,1.8556584755413024,-0.1396253345905488
Toshiba - 2TB Internal SATA Hard Drive for Desktops,283,"drive, storage, hard",-1.006009229205323,82.09028947368422,12.947368421052632,0.6062737056545106,1.21619064896746,-0.3214541448806112
Russound - 2-Way Outdoor Rock Loudspeaker (Each) - Gray Granite,284,"speaker, audio",1.5329501457383126,170.5707894736842,11.894736842105264,-0.0387486198012513,0.0206510825702353,-0.0192922110266367
"Power Acoustik - MOFO 15.50 1700 W Woofer - Royal Blue""",285,"car, speaker, subwoofer",-0.4516096564698378,148.52421052631584,27.526315789473685,0.5400882482179474,0.7839973164590511,-0.3089514864387314
Details About Seagate Expansion 1tb External Usb 3.0 Portable Hard Drive Black,286,"drive, storage, hard",-0.2325056229953205,58.42299476302696,206.7894736842105,0.5238746492628737,0.6456784509611933,-0.1149948935288482
Sony HTST9 Soundbar with Wireless Subwoofer Bluetooth and Google Cast,287,"sound, speaker, home",-0.1860807421775505,1190.7610526315789,11.736842105263158,0.3192231916690121,0.3786244800950683,-0.0604620257193786
"Russound - Acclaim 5 Series 5-1/4 2-Way Indoor/Outdoor Speakers (Pair) - White""",288,"speaker, audio",-1.8915754597337016,154.27947368421056,12.789473684210526,0.020843776106934,0.060271351478994,-0.0187280983017285
"Samsung - 65 Class - LED - MU7000 Series - 2160p - Smart - 4K UHD TV with HDR""",289,"tv, 4k, television",-0.3974769508636052,1337.013343182518,17.68421052631579,1.4348069110286457,2.00510958710234,-0.0407332189004689
NETGEAR - AC600 Dual-Band WiFi USB Mini Adapter - Black,290,"networking, adapter, switch",2.09152510938862,34.35813157894737,83.10526315789474,-0.0492837582991035,0.0537944596685113,-0.0106744032777472
VS278Q-P 27 16:9 LCD Monitor,291,"monitor, computer",-0.1611559089970508,192.4045426065163,5.421052631578948,0.2826065162907268,0.3281502263120488,-0.0303624733475479
Apple iPod Touch,292,"player, ipod",-0.2908123987659113,278.9475648591175,19.57894736842105,0.6840352793434511,0.8829612197698302,-0.2576995137341732
WD - My Book 6TB External USB 3.0 Hard Drive - Black,293,"drive, storage, hard",-0.1176470588235294,169.98999999999992,1.1578947368421053,0.0526315789473684,0.0588235294117647,-0.0029411764705882
Samsung SNH-P6410BN SmartCam HD Pro 1080p WiFi IP Camera,294,"security, surveillance, camera",-1.218077732653437,146.88240350877194,15.210526315789474,0.0813420583544422,0.1804230083641848,-0.0130731809040632
VG939SM 19 Ergonomic LED LCD Multimedia Display,295,"monitor, computer",-0.1376121237356508,170.0210087719298,16.789473684210527,1.0789523943548711,1.2274293247517103,-0.0524848684193478
"Hisense 65 Class 4K(2160p) Smart LED TV (65H9PLUS)""",296,"tv, television, led",9.666803559044284,1290.4685964912278,561.4736842105264,-0.00481775666246,0.0417545505888184,-0.0170990113579573
Details About Microsoft Surface Pen Stylus W/ Tip Kit For Surface Pro 3,297,"tablet, computer, ipad",-0.3112067371789945,52.154983196627946,37.31578947368421,0.3397273052511302,0.4454527314489467,-0.1115990609865841
Zoom - H1 Handy Recorder - Black,298,"microphone, musical, recording",-0.4361160718573818,116.20442212988613,58.42105263157895,0.8986679373157538,1.2905914680420765,-0.0316874343991494
Sanus - Speaker Stands (Pair) - Black,299,"mount, tv, stand",-0.4246755175383886,53.71631578947369,10.894736842105264,0.3245517640254483,0.4623809523809524,-0.0385110967463908
"Refurbished TCL 49 Class 4K (2160P) Roku Smart LED TV (49S405)""",300,"tv, television, led",0.4238194604738064,346.6482748538011,3.842105263157895,1.4464609800362975,0.8334226678809006,0.1704545550871103
Samsung UN55KS8500 Curved 55-Inch 4K Ultra HD Smart LED TV (2016 Model),301,"tv, 4k, television",0.1581478462502809,1184.9172636135793,32.05263157894737,1.3843230792385666,1.1653953657424303,1.0099273486098792
Sony MDRXB950N1 Headphones Bluetooth Noise Cancel Extra Bass Blk MDR-XB950N1 #95,302,"headphone, earbud, bluetooth",0.0707499364483404,212.1505183792816,53.8421052631579,0.2226893332599899,0.2069340770841223,0.0165321425750721
"Sharp Aquos N7000 65 Class 4K Ultra WiFi Smart LED HDTV""",303,"tv, 4k, television",-0.0897500336947025,1002.311461988304,23.05263157894737,0.6113146545287291,0.6661801653707479,-0.0284303101635916
"Pioneer - Andrew Jones Soundbar System with 6-1/2 Wireless Subwoofer - Black""",304,"sound, speaker, home",-0.7283441029498952,386.8167543859649,15.157894736842104,0.0834790222863988,0.1442804758887202,-0.0502272877584394
PDWM1904 Single-Channel Wireless System with Headset Lavalier Microphones,305,"microphone, musical, recording",-0.2318351793706504,88.36280701754386,16.31578947368421,0.3148113152757115,0.3877956530205664,-0.0210106426841249
Details About Evga Nvidia Geforce Gtx 1080 Sc Gaming 8gb Gddr5x Pci Express 3.0 Graphics ...,306,"graphic, card, computer",-5.333333333333334,900.9984210526316,1.0526315789473684,0.0263157894736842,0.1666666666666666,-0.0087719298245614
"Hisense - 55 Class - LED - H8 Series - 2160p - Smart - 4K UHD TV with HDR""",307,"tv, 4k, television",-0.4919859871543842,548.4030451127819,14.63157894736842,0.3472886762360446,0.5181498384415744,-0.0465190062913724
Samsung Galaxy Tab E Lite 7 8gb White - Sm-T113nykaxar,308,"tablet, computer, ipad",-1.0244807458538825,111.1464437782028,810.6842105263158,0.1308946407347153,0.2649936799028924,-0.0106580004450285
Details About Zmodo Greet Wifi Video Doorbell W/ Zmodo Beam Smart Home Hub And Wifi Extender,309,"security, surveillance, camera",-0.8305842454139046,83.47350877192983,4.2105263157894735,0.1459064327485379,0.267094017094017,-0.0191880341880341
CD Recorder Cassette and Turntable BLACK,310,"turntable, cd, audio",0.4743424715137404,348.20163157894734,6.0,0.2361443381180223,0.1241310491411432,0.0118565598359927
Sony STRDN1070 7.2-channel AV Receiver w/ Bluetooth,311,"receiver, amplifier, home",-0.1157574634929456,526.1052631578947,9.31578947368421,0.769017094017094,0.8580365622032289,-0.0676547958214625
Acer 15.6 Chromebook CB5-571-C4G4,312,"laptop, computer",0.1485571121575422,234.5945614035087,18.0,0.620997802812884,0.5287441625708229,0.0318694393563483
Virgin Mobile - LG Stylo™ 3 4G LTE with 16GB Memory Prepaid Cell Phone - Gray,313,"phone, cell",-0.1629007490049828,139.56947368421052,3.5789473684210527,0.8665743305632502,1.0077399380804952,-0.335268317853457
Seagate - SkyHawk Surveillance HDD 6TB Internal SATA Hard Drive for Desktops,314,"drive, storage, hard",-1.1504305762658664,223.66859649122804,6.157894736842105,0.06002746099699,0.1290848875435341,-0.0218681850730722
"HP 15-AY103DX 15.6 Touchscreen Touch Screen HD Laptop Notebook PC Computer 7th Gen i5-7200U Kaby Lake 8GB Memory 1TB HDD Hard Drive Windows 10""",315,"laptop, computer",-0.7272727272727271,467.3698275099512,13.052631578947368,0.6103978838498962,1.0543236175589117,-0.0554907167136269
Sony - 5.1-Ch. 3D / Smart Blu-ray Home Theater System - Black,316,"sound, speaker, home",-0.6371557223314079,247.68031015037596,42.47368421052632,1.0494460086502932,1.718106538339684,-0.2348940087787966
inactive,317,"flash, camera",-0.1875,32.18434210526316,26.73684210526316,0.074250805585392,0.088172831632653,-0.016328302154195
Viper 7153V 1-Way 5-Button SuperCode Replacement Remote for 5701,318,"remote, control, tv",-0.9829224199198828,30.298552631578943,22.68421052631579,0.2006949191159717,0.3979624546790677,-0.0088985830382213
Refurbished Jaybird F5-S-B Freedom F5 In-Ear Wireless Headphones - Carbon,319,"headphone, earbud, bluetooth",-1.0346031855640954,104.18335588972435,17.63157894736842,0.6872769425511729,1.3983358566793682,-0.0234946923330641
"Asus Zenbook Ux303uadh51t 13.3 Fhd Touchscreen Core I56200u 8gb 256gb""",320,"laptop, computer",-1.0599608418991682,773.6106578947368,17.63157894736842,-0.0553118908382066,-0.113940329218107,0.3182686654908878
"LG - 28 Class (27.5"" Diag.) - LED - 720p - HDTV""",321,"tv, television, led",-0.1171137737249495,152.6727719298245,7.263157894736842,-0.0089314194577352,-0.009977411695151,0.0008456958515276
ZTE Warp Elite No Contract Phone - Retail Packaging - Boost,322,"phone, cell",-3.3909348441926377,66.25140350877193,23.57894736842105,0.0380116959064327,0.1669068800424102,-0.0071608435631098
"Samsung - 55 Class - LED - Curved - MU6490 Series - 2160p - Smart - 4K Ultra HD TV with HDR""",323,"tv, television, led",1.147345103859208,836.7803007518795,21.05263157894737,1.045069583940936,-0.1539858863858765,0.3927940333829213
Jensen174 Portable 3-Speed Stereo Turntable With Built-In Speakers - Black (jta-410 ),324,"turntable, cd, audio",0.8147458935754178,58.39046308954204,36.0,0.1833650375601247,0.0339691261827108,0.0053155094516102
SP-FS52 Andrew Jones Designed Floorstanding Loudspeaker,325,"speaker, audio",-0.3770071325191452,131.5575087719298,33.89473684210526,0.1134012814185112,0.1561543733501007,-0.0152307890006287
"Alienware - R3 17.3 Laptop - Intel Core i7 - 16GB Memory - 1TB Hard Drive + 256GB Solid State Drive - Epic Silver""",326,"laptop, computer",1.099182474614367,1858.5155000000009,19.210526315789476,2.0687712939854923,-0.2051858563486477,6.172169408049808
LG Electronics OLED65C6P Curved 65-Inch 4K Ultra HD Smart OLED TV (2016 Model),327,"tv, 4k, television",-0.3042923339618941,3626.8622368421047,13.789473684210526,0.1588272272907247,0.2071571349797156,-0.0844384594106507
BRAVEN BRV-HD Wireless Bluetooth Speaker [28 Hour Playtime][Water Resistant] Built-In 8800 mAh Power Bank Charger - Black,328,"speaker, portable, bluetooth",0.9999999999999996,145.54526315789477,4.2631578947368425,-0.0508771929824561,-2.0816681711721685e-17,-0.0014871794871794
"Sony - Core Series 10 115W Active Subwoofer - Black""",329,"speaker, subwoofer, separate",-0.2413077492652368,180.21546616541352,28.31578947368421,1.6092982418694697,1.9976343785114945,-0.1388903894945928
P-Series 55-Class UHD SmartCast LED Home Theater Display,330,"tv, 4k, television",2.570971906313395,931.4977506265662,11.947368421052632,0.0712752160120581,-0.1119713619713619,0.0506426906426906
Sennheiser Momentum 2.0 for Samsung Galaxy - Black,331,headphone,0.4785881772183143,314.4363157894736,5.526315789473684,0.2176470588235294,0.1134837496642492,0.0110874110589709
Pioneer - 5.1-Ch. Network-Ready 4K Ultra HD and 3D Pass-Through HDR Compatible A/V Home Theater Receiver - Black,332,"receiver, amplifier, home",-0.1741097716546367,419.3196992481203,12.578947368421051,0.965505701728612,1.1336096789878305,-0.0638795113585029
"Samsung 64GB PRO+ microSDHC Card with Adapter, MB-MD64DA/AM",333,"card, memory, camera",4.653846153846152,51.68105263157895,5.684210526315789,0.0285087719298245,-0.1041666666666666,0.0066865605658709
CORSAIR K70 RGB RAPIDFIRE Mechanical Gaming Keyboard - USB Passthrough and Media Controls - Fastest and Linear - Cherry MX Speed - RGB LED Backlit,334,"keyboard, computer, mouse",-0.1866230497911754,155.51061403508768,5.315789473684211,0.7991359978894604,0.948273195013506,-0.04638919637692
HP ENVY 34-b010 34-inch Curved All-in-One Computer (Intel Core i7-7700T,335,desktop,0.0554463554463554,1938.324078947369,5.894736842105263,0.0927800269905533,0.0876357126357126,0.0234580734580734
Universal Projector Mount with 3 Extension Column,336,"projector, presentation, screen",-2.0643338620142737,104.48802631578948,13.68421052631579,-0.0272963109528206,-0.0836450099607994,0.0282362711512509
Canary-Moble-phone-compatible-Digital-Wireless-Indoor-Security-Camera-with-Night-Vision,337,"security, surveillance, camera",-0.5833333333333335,153.9168822055138,21.157894736842103,-0.1101574691445595,-0.1744159928122192,0.0099666281606982
Details About Evga Nvidia Geforce Gtx 1060 Ssc Gaming 6gb Gddr5 Pci Express 3.0 Graphics ...,338,"graphic, card, computer",-0.133174531066478,680.4943859649122,25.473684210526315,3.5357951329937745,4.006672991777355,-0.2354389293917906
HT-CT790 330W 2.1-Channel Soundbar System,339,"sound, speaker, home",-0.1736354675081856,387.6161315789474,20.36842105263158,0.6887216818149158,0.8083081930198727,-0.0167685882870419
Samsung - Adaptive Fast Charging Wall Charger - White,340,"power, battery, cell",0.4616173906139151,16.74558771929825,33.473684210526315,1.0479528796440003,0.5641996058563991,0.2073228316232579
"RCA Indoor Digital TV Antenna, Amplified, 40-Mile Range",341,"tv, streaming, medium",0.5237127371273713,28.505964912280707,3.842105263157895,0.191812865497076,0.091358024691358,0.272663139329806
P101 Ceiling Projector Mount (White),342,"projector, presentation, screen",-1.1330111102284617,47.93683678894206,41.94736842105263,0.1133436738699896,0.2417633156387993,-0.0427081587989977
Details About Sylvania Dual Portable Dvd Player W/ 9inch Widescreen Led Display Refurbished,343,"player, ipod",-0.0713613723986574,99.96986842105264,12.736842105263158,1.1716267942583731,1.2552356902356905,-0.4236184062850729
VIZIO M-Series 70” SmartCast 2160p 4K XHDR Plus XLED Plus Display (M70-D3),344,"tv, television, led",-285.0010316534926,1755.5154775828453,126.89473684210526,0.0002414292612264,0.0690490177821079,-0.0139795219450345
LG - MiniBeam PH550 720p DLP Projector - White,345,"projector, presentation, screen",-0.5833333333333334,526.3815601503759,7.157894736842105,0.2392914103440419,0.3788780663780664,-0.0797638034480139
Sony - 1155W 7.2-Ch. Hi-Res Network-Ready 4K Ultra HD and 3D Pass-Through HDR Compatible A/V Home Theater Receiver - Black,346,"receiver, amplifier, home",-0.2162853454494733,540.784882518797,25.157894736842103,1.0713662350613822,1.303087051314535,-0.1151031505571216
Seagate Backup Plus Hub 8TB External Desktop Hard Drive Storage + 2mo Adobe CC Photography (STEL8000100),347,"drive, storage, hard",-0.194028953090527,179.35262461709826,53.78947368421053,0.3209601644476152,0.3832357291391494,-0.0622755646915341
Braven BRV-BLADE Wireless Portable Bluetooth Speaker [22 Hour Playtime][Waterproof] 4000 mAh Power Bank Charger - Black,348,"speaker, portable, bluetooth",1.0173924226835318,113.36263157894736,3.3684210526315788,-0.0570175438596491,0.0009916732231838,-0.0030446826645685
Sherwood - 400W 4.0-Ch. Stereo Receiver - Black,349,"receiver, amplifier, home",-2.1497326203208544,179.41772807017537,7.842105263157895,-0.0144736842105263,-0.0455882352941176,0.0388931888544891
"Asus - 27 IPS LED HD GSync Monitor - Black""",350,"monitor, computer",0.1061589727320387,772.6563834586465,12.36842105263158,1.609331377980555,1.438486412108703,0.0662460071747997
Sherwood - 200W 2.0-Ch. A/V Home Theater Receiver - Black,351,"receiver, amplifier, home",-0.2666666666666667,129.53898830409352,41.36842105263158,0.048884824530814,0.061920777739031,-0.0147430423188169
naxa - 2.1-Channel Soundbar with 50-Watt Digital Amplifier - Black,352,"sound, speaker, home",-0.0641029777075199,78.60245614035088,8.421052631578947,-0.0588535733272575,-0.0626262626262626,0.0119468494468494
Samsung UN65KS9500 65-inch Smart 4K UHD TV,353,"tv, 4k, television",18.298986486486463,2855.502105263157,4.2631578947368425,-0.0026315789473684,0.0455236486486486,-0.0039780405405405
"Samsung 55 Class 4K (2160P) Smart LED TV (UN55KU7000)""",354,"tv, 4k, television",-1.714285714285714,1078.6747368421054,5.2631578947368425,-0.0263157894736842,-0.0714285714285714,0.0014285714285714
"Lenovo Flex 4 1470 80SA0000US 2-in-1 - 14 HD Touch - Pentium 4405U 2.1Ghz - 4GB - 500GB""",355,"laptop, computer",-0.9018891575766496,338.07395614035084,15.894736842105264,0.260310815972077,0.4950823184972238,-0.0293464378156433
TP-Link AV500 2-port Powerline Starter Kit,356,"networking, adapter, switch",0.5228196174035274,48.73731203007519,8.157894736842104,-0.0480272651325282,-0.022917668751002,-0.2385411656244989
PNY - XLR8 NVIDIA GeForce GTX 1080 8GB GDDR5X PCI Express 3.0 Graphics Card - Black/Red,357,"graphic, card, computer",-0.7709030100334452,630.0361842105262,6.2631578947368425,0.0647186147186147,0.1146103896103896,-0.0498917748917749
Toshiba - 2.0-Channel Soundbar with 16-Watt Digital Amplifier - Black,358,"sound, speaker, home",1.934426229508196,96.13035087719295,4.0,0.0382205513784461,-0.0357142857142856,0.1505102040816326
AVR-X2400H 7.2-Channel Network A/V Receiver,359,"receiver, amplifier, home",-0.0802219311638787,753.9869902027796,15.210526315789474,0.5182655182874703,0.5598417790201397,-0.0379175497881944
"Details About Asus Q304 13.3 Laptop I5 2.5 Ghz 6gb 1tb Hdd Win 10 (q304uabhi5t11)""",360,"laptop, computer",-0.1013801893813731,538.9568945089998,12.578947368421051,0.468235361130098,0.515705150716523,-0.0453120718779511
Toshiba - Canvio Basics 1TB External USB 3.0 Portable Hard Drive - White,361,"drive, storage, hard",1.428271479014911,99.41061403508772,42.73684210526316,0.0195712865204741,-0.008381823824348,0.2655545482758103
"LG - 75 Class - LED - UJ6470 Series - 2160p - Smart - 4K UHD TV with HDR""",362,"tv, 4k, television",-0.1275070096646497,2185.837593984962,32.26315789473684,1.200672734467748,1.353766924425609,-0.0195595843077766
HP Pavilion 24-inch All-in-One Computer,363,desktop,-3.749999999999998,654.3926315789473,5.052631578947368,0.0087719298245614,0.0416666666666666,-0.0039682539682539
DSLR Value Pack with Nikon School Online Course,364,"camera, bag",-0.5336710142416746,37.45506390977444,118.78947368421052,1.133259871740519,1.7380478168916715,-0.0989017542175129
Onkyo TX-8270 2 Channel Network Stereo Receiver with 4k HDMI,365,"receiver, amplifier, home",-0.2622179572480319,488.9975964912281,19.473684210526315,0.2589259352203731,0.3268209650323956,-0.0921432547448876
instax mini 8 Instant Film Camera and Groovy Case Kit (Raspberry),366,"camera, shoot, point",-0.4038170234872719,59.71626505452823,331.2631578947368,-0.1620281765018607,-0.2274579124579124,0.0221993746993746
"Samsung - 40 Class - LED - MU6290 Series - 2160p - Smart - 4K Ultra HD TV with HDR""",367,"tv, television, led",0.4733751904887858,420.4423308270676,9.0,1.524646044936904,0.8029164329869228,0.3013815961988931
House of Marley EM-DH003-PS TTR Noise-Cancelling Over-Ear Headphones (Black),368,headphone,-1.403601541214593,188.39421052631567,32.78947368421053,0.1131920189489742,0.2720685111989459,-0.0061857650671095
Sony - 2.1-Channel Soundbar System with Wireless Subwoofer and Digital Amplifier - Black,369,"sound, speaker, home",-0.1291052594412657,244.1686883876357,18.63157894736842,3.2336896161973563,3.651175953049043,-0.2823339803454627
12.3 32GB Multi-Touch 2-in-1 Chromebook Plus,370,"laptop, computer",1.1335444864508155,433.05053618895727,22.0,0.4656922133865266,-0.0621906274808473,0.1471360485547203
YU2 Powered Desktop Speakers (Glossy Red),371,"speaker, audio",-2.8000000000000007,174.2005263157894,6.526315789473684,0.0986842105263157,0.3750000000000001,-0.0416666666666666
"Samsung - Galaxy Tab E - 9.6 - 16GB - Black""",372,"tablet, computer, ipad",2.045550289626119,198.9841520467836,44.578947368421055,0.006610275689223,-0.0069113756613756,0.0214092813051146
"Kenwood KFC-1653MRW 6.5 2-way Marine Speakers Pair (White)""",373,"car, speaker, subwoofer",0.4918656797619247,65.65529824561405,33.1578947368421,6.110871814774581,3.105143695662494,0.6661217060240627
Toshiba Micro Component Speaker System: Wireless Bluetooth Speaker Sound System with FM,374,"audio, shelf, tabletop",0.1363636363636363,120.33035087719298,9.789473684210526,-0.0413533834586466,-0.0357142857142857,-0.0016917293233082
Onkyo TXNR757 7.2 Channel Wireless A/V Receiver w/ HDCP2.2/HDR DTS _ Bluetooth,375,"receiver, amplifier, home",-4.921850925372055,487.58819548872174,38.42105263157895,0.0096038948287603,0.0568728334788706,-0.0029837536024986
SiliconDust HDHomeRun CONNECT Quatro Live TV for Cord Cutters 4-Tuner (HDHR5-4US) with Terk Indoor Flat 4K HDTV Multi-Directional Antenna,376,"tv, streaming, medium",1.507299270072992,149.92052631578946,3.3157894736842106,0.0476190476190476,-0.0241571080987139,0.0974104970455335
Pioneer TS-SWX2502 10 inch Shallow-Mount Pre-Loaded Enclosure,377,"car, speaker, subwoofer",-18.826766972657985,105.5645374800638,21.0,0.0066534033427072,0.1319154776509605,-0.0456570867290284
W650D-Series 48-Class Full HD Smart LED TV,378,"tv, television, led",-8.85686370159383,448.1039860913545,95.84210526315788,-0.0126721668361591,-0.1249078213078781,0.013118453120071
"Samsung - 65 Class - LED - Q7F Series - 2160p - Smart - 4K UHD TV with HDR""",379,"tv, television, led",3.440430819197344,2537.899774436089,3.736842105263158,0.2022703818369453,-0.493626873645696,0.081689616045182
"HP - Stream 14 Laptop - Intel Celeron - 4GB - 32GB eMMC Flash Memory - Office 365 Personal 1-Year Subscription Included - Aqua blue""",380,"laptop, computer",0.5674420625766888,217.8847368421052,30.789473684210527,-0.0839290234465186,-0.0363041652719788,-0.056554519082266
"Sony XBR-65A8F 65 BRAVIA OLED 4K HDR TV""",381,"tv, television, led",2.422459893048128,3798.020947368421,9.578947368421051,-0.0165413533834586,0.0235294117647058,-0.1522689075630252
Energizer Nikon D5100/3100 Battery Grip,382,"camera, camcorder, action",0.8755256284334337,53.54745614035088,9.052631578947368,0.0977395411605938,0.0121660679631694,0.0097068417358272
Reference Premiere RP-440C Center Speaker (Ebony),383,"speaker, center, channel",-0.0066854023222639,533.712269005848,42.10526315789474,0.1495788541028783,0.1505788489214593,-0.0047499753882595
"Samsung - 55 Class - LED - Q8F Series - 2160p - Smart - 4K UHD TV with HDR""",384,"tv, television, led",15.020524267996285,2122.9443859649123,4.2631578947368425,0.0538277511961722,-0.7546932919375992,0.1334270395443687
Memorex CD/Cassette Recorder Boombox MP3 AM/FM FlexBeats MP3262 with Aux line in jack - Black,385,"radio, portable, satellite",-1.3414141414141412,49.88473684210527,5.473684210526316,0.1184210526315789,0.2772727272727272,-0.0419191919191919
Phantom 530 Full-Tower Case (Black),386,"case, computer",-0.0090981267346731,128.90962213225367,18.05263157894737,1.2773723352670725,1.2889940306606975,-0.1104061062394395
"Samsung Leather Flip Book Cover Case for Samsung Galaxy Note 10.1 2014 Edition - Black Retail Packaging""",387,"case, computer",0.9999999999999992,13.079473684210518,1.3157894736842106,-0.0263157894736842,-1.7347234759768068e-17,-0.0004472271914132
Hisense 50H4D Roku 50-inch HD Smart DLED TV,388,"tv, television, led",-0.6479761696162608,400.0103508771929,3.3684210526315788,0.0825187969924812,0.135989010989011,-0.0094067969067969
Sennheiser - HD 800 Over-the-Ear Headphones - Silver/Black,389,headphone,6.07039816890061,1383.456315789474,54.68421052631579,0.0355164299412279,-0.1800824413398889,0.2127447110706744
Aeon 58.3 x 104.1 16:9 Fixed Frame Projection Screen with CineWhite Projection Surface,390,"screen, projector, projection",-0.9921639258368368,458.9066541353384,3.8947368421052633,0.2109629276811939,0.4202727342154,-0.0556207877503484
V-MODA - Crossfade Wireless Headphones - Gunmetal Black,391,headphone,3.2371273712737114,256.1062531328321,19.05263157894737,0.035042735042735,-0.078395061728395,0.3771806742640076
Ecoxgear Ecocarbon Bluetooth Waterproof Speaker (black),392,"speaker, portable, bluetooth",-0.4062577640648743,127.24263157894735,49.21052631578947,0.1030937414838343,0.1449763743881391,-0.0691973934940686
Details About Kicker Hp402bt Tabor Black Overtheear Wireless Bluetooth Headphones,393,headphone,-12.974778459441088,121.98052631578943,27.42105263157895,0.0027824980407675,0.0388847936835552,-0.048995972658069
Lumix G 42.5mm f/1.7 ASPH. POWER O.I.S. Lens,394,"lens, camera",0.136350788267564,359.8511528822054,28.789473684210527,0.8684791932687936,0.7500613706726157,1.2115054157916687
SanDisk 8GB Clip Jam MP3 Player (Pink),395,"player, ipod",0.252815421708792,33.81334168755222,40.73684210526316,0.6660497139033793,0.4976620746038761,0.6586928243186447
Details About Midland Wr120c Noaa Weather Alert Radio,396,"radio, portable, satellite",-0.2248263888888889,32.370614035087726,5.315789473684211,-0.082051282051282,-0.1004985754985755,0.03338081671415
Bose® - QuietComfort® 20 Headphones (Android) - Black,397,"headphone, earbud, bluetooth",1.0977612164339086,249.7793866396761,389.1578947368421,0.1688804153025187,-0.0165099548318379,0.0404032771171013
VPL-HW45ES Full HD Home Theater Projector (Black),398,"projector, presentation, screen",-0.6792767896135911,1748.2100465587046,59.1578947368421,0.1975095410154832,0.3316731879545346,-0.1772108063847362
WD - My Passport X 3TB External USB 3.0 Portable Hard Drive - Black,399,"drive, storage, hard",-0.5833333333333333,113.01031578947368,5.789473684210527,-0.0651249335459861,-0.1031144781144781,0.0303277876807288
"Samsung - 49 Class (48.5"" Diag.) - LED - 1080p - Smart - HDTV""",400,"tv, television, led",0.8810641627543038,453.1952631578946,8.736842105263158,0.1482873851294904,0.0176366843033509,0.4355023360871315
"iSimple - StrongHold Headrest Mount for Most 7 - 10.2"" Tablets - Black""",401,"car, gps, dash",8.499999999999991,31.722017543859657,7.157894736842105,-0.0047619047619047,0.0357142857142857,-0.0732426303854875
Details About Seagate 1tb Internal Serial Ata Hard Drive For Laptops,402,"drive, storage, hard",-0.5833333333333334,70.89547368421053,18.894736842105264,-0.1114647082823337,-0.1764857881136951,0.0661821705426356
CORSAIR - MM800 Polaris RGB Gaming Mouse Pad - Black,403,"mouse, keyboard",-0.3168316831683168,58.65736842105262,1.1578947368421053,0.0526315789473684,0.0693069306930693,-0.0049504950495049
Rugged Book Keyboard and Case for iPad Air 2,404,"keyboard, computer, mouse",-0.0743549255705678,144.19122807017544,23.68421052631579,0.6953368870551533,0.7470386095386096,-0.1637221211976114
ECOXGEAR ECOXBT Rugged and Waterproof Wireless Bluetooth Speaker (Orange),405,"speaker, portable, bluetooth",-0.9073359073359074,63.45842105263159,18.105263157894736,0.1135964912280701,0.2166666666666666,-0.0095528455284552
ProSafe 16-Port 10/100 Desktop Switch,406,"networking, adapter, switch",-0.7336546184738958,57.76673684210526,5.315789473684211,0.3393901420217209,0.588385287180468,-0.248124532763087
Sony - Over-the-Ear Hi-Res Headphones - Black,407,headphone,0.6518601711711289,681.8053118022328,35.05263157894737,0.0785778906625091,0.0273560934049797,0.0616431226112686
V-MODA - CROSSFADE M-100 Over-the-Ear Headphones - Black,408,headphone,-0.2027232045776807,249.94907894736835,40.42105263157895,0.6643067261430243,0.7989771144892461,-0.1329214222638031
1506TSA Lock,409,"tablet, computer, ipad",0.3238394458272798,17.296973684210524,12.157894736842104,0.5603876206352987,0.3789120041202956,0.130114592973021
CybertronPC - Rhodium Desktop - AMD FX-Series - 16GB Memory - NVIDIA GeForce GTX 1050 - 2TB Hard Drive - Green,410,desktop,-2.9309486373165607,791.1128070175438,8.736842105263158,-0.0338118022328548,-0.1329124579124579,0.7060921717171716
NETGEAR AC1000 Dual Band Smart WiFi Router,411,"networking, modem, router",-1.1201986754966888,56.78649122807017,3.0526315789473686,0.043859649122807,0.0929911699779249,-0.0205918874172185
"Startech VGA Video Extender Over Cat5, Point to Point",412,"cable, tv, theater",-1.1642162126494848,128.01042105263156,33.526315789473685,-0.0338982889903535,-0.0733632266140006,0.6248615123744123
Canon EF 100mm f/2.8L IS USM Macro Lens for Canon Digital SLR Cameras,413,"lens, camera",1.0000000000000002,824.1894152046783,22.73684210526316,0.0167464114832535,-3.469446951953614e-18,0.0493730407523511
Details About Logitech G403 Prodigy Wireless Gaming Mouse,414,"mouse, keyboard",0.7627023661896128,83.45210526315792,16.263157894736842,0.4782581453634086,0.113489526245281,0.0739264401412738
SiriusXM SXEZR1H1 XM Onyx EZR Satellite Radio with Free 3 Months Satellite and Streaming Service,415,"radio, portable, satellite",-1.116589119541876,74.08914035087717,6.0,0.3591028854186748,0.7600732600732603,-0.0940547792399644
"Kicker 41IK5BT2V2 Amphitheater High-Performance Audio System with Bluetooth, Black",416,"speaker, audio",-0.6508336130692628,199.96947368421047,6.7368421052631575,0.0414786967418546,0.0684744268077601,-0.0512918871252204
Details About Zmodo Hd Wifi Home Security Camera Twoway Audio Motion Detection Cloud Service,417,"security, surveillance, camera",0.2040137521548798,36.67441295546559,99.6842105263158,-0.0681477357358226,-0.0542446604674982,-0.0104696938758418
SUT670P Slim Tilting Wall Mount for 32 to 80 Displays (Black),418,"mount, tv, stand",0.3920053039963962,67.14543859649123,10.68421052631579,0.1241296113587135,0.0754701453230865,0.3081766182256378
J5205 32-Class Full HD Smart LED TV,419,"tv, television, led",1.1564653020610014,295.69711911357336,64.84210526315789,-0.0411677341501902,0.0064413219589765,-0.0114859897006521
Sony XBR55X700D 55-Inch 4K Ultra HD Smart LED TV (2016 Model),420,"tv, 4k, television",-0.5802825947334617,781.4102339181286,97.78947368421052,0.1054663686242633,0.1666666666666666,-0.0581402831402831
Acer Predator G1-710 Desktop Computer - Intel Core i7-6700 3.4 GHz - 16 GB DDR4 SDRAM - 2 TB HDD + 512 GB SSD,421,desktop,-0.4313022700119474,1727.5689473684215,9.473684210526317,-0.0896471949103528,-0.1283122335753914,0.0048331298331298
SiriusXM SXEZR1V1 XM Onyx EZR Satellite Radio Receiver with Vehicle Kit,422,"radio, portable, satellite",-0.7272727272727274,70.60333333333335,3.0,0.036682615629984,0.0633608815426997,-0.0037271106789823
"Monster SuperStar BackFloat High-Definition Bluetooth Speaker, Neon Green",423,"speaker, portable, bluetooth",1.4689131466540108,106.79578947368424,3.789473684210526,-0.0307017543859649,0.0143964562569213,-0.0042843300110741
