category,name,price_elasticity,price_mean,impressions_mean,intercept,slope
"laptop, computer",12.3 32GB Multi-Touch 2-in-1 Chromebook Plus,1.1335444864508155,3.5877192982456143,0.4656922133865266,-0.062190627480847305,0.14713604855472034
"tablet, computer, ipad",1500-Watt Digital Infrared Heater with Wi-Fi Phone App - White,-0.1220068146508155,1.4824561403508774,1.3855810750230535,1.554631408427069,-0.1140339527104009
"tablet, computer, ipad",1506TSA Lock,0.3238394458272798,1.394736842105263,0.5603876206352987,0.37891200412029563,0.13011459297302105
"car, speaker, subwoofer","2) New Kicker 41KSC6934 6x9 3-Way 300 Watt Car Audio Coaxial Speakers KSC693""",-0.8119091379510532,36.81954887218045,1.0144852262234534,1.8381550517106167,-0.022370448599100003
"monitor, computer",22 Widescreen Full HD 1080p LED Monitor,1.1775895814681334,1.1086466165413535,0.568913919214962,-0.10103318480478052,0.604292742181253
"card, memory, camera",32GB High Speed UHS-I SDHC U3 Memory Card (Class 10),-0.41410154475238525,2.210526315789474,0.2298454469507101,0.32502480158730157,-0.04305732709750566
"monitor, computer",391 Series C32F391 32 16:9 Curved FreeSync LCD Monitor,0.9215112737118345,2.5871517027863775,-0.038531059954216164,-0.003024253818339366,-0.013724284547224564
"drive, storage, hard",3TB AirPort Time Capsule (5th Generation),-0.21246338602601011,2.736842105263158,0.5514617918882891,0.6686272314568459,-0.04281044907312653
"networking, adapter, switch",450 Mbps 2.4/5GHz Wireless N Dual Band PCI Express Adapter,-0.14479217624227392,0.4912280701754386,-0.10376075638011437,-0.11878450210493553,0.03058405379695738
"camera, camcorder, action",4K Video Camera,-2.0952343214108655,23.39184294468228,0.5278488906732903,1.6338160029306197,-0.047280033252307355
"drive, storage, hard",4TB My Book Desktop USB 3.0 External Hard Drive,-2.1666666666666674,4.56140350877193,0.3139384086752508,0.9941382941382944,-0.14912074412074416
"drive, storage, hard","4TB Network OEM HDD Retail Kit (8-Pack, WD40EFRX, Red Drives)",-0.23749103581650743,0.22129186602870815,1.0230471079372552,1.266011625290356,-1.097936954092932
"tablet, computer, ipad","7.0 Tab A 8GB Tablet (Wi-Fi Only, Black)",0.9924977001180735,1.8350323675022537,4.027729671692164,0.030217235840368062,2.1784424660002006
"receiver, amplifier, home",7.2CH AVR WITH WIFI _ BLUETOOTH 2 HDMI OUTPUTS 90 WATTS/CH.,-0.11764705882352929,5.473684210526316,-0.09636591478696742,-0.107703081232493,0.002071213100624863
"lens, camera",AF-S NIKKOR 85mm f/1.8G Lens,-0.15536267890093056,0.6578947368421053,1.192680880484606,1.377978977150615,-0.28165310693233364
"monitor, computer","AOC - 18.5 LED Monitor - Black""",-0.08020761090807445,1.8859649122807014,-0.07044125465178096,-0.0760911793967676,0.002995774050830124
"receiver, amplifier, home",AVR-S530BT 5.2-Channel A/V Receiver,0.5847375818510712,1.368421052631579,1.3097744360902255,0.5439000995604767,0.5596773997717395
"receiver, amplifier, home",AVR-S730H 7.2-Channel Network A/V Receiver,0.24990457518661985,1.3458646616541352,0.4173626850219648,0.3130618405228036,0.07749727552172309
"receiver, amplifier, home",AVR-X2400H 7.2-Channel Network A/V Receiver,-0.08022193116387874,1.0964912280701755,0.5182655182874703,0.5598417790201397,-0.03791754978819447
"receiver, amplifier, home",AVR-X3400H 7.2-Channel Network A/V Receiver,-0.29320827512805175,2.1052631578947367,1.4652046783625732,1.8948148148148152,-0.20406481481481495
"laptop, computer",Acer 15.6 Chromebook CB5-571-C4G4,0.14855711215754228,2.8947368421052633,0.620997802812884,0.5287441625708229,0.03186943935634832
desktop,Acer Predator G1-710 Desktop Computer - Intel Core i7-6700 3.4 GHz - 16 GB DDR4 SDRAM - 2 TB HDD + 512 GB SSD,-0.4313022700119474,8.0,-0.08964719491035282,-0.12831223357539148,0.004833129833129834
"networking, modem, router",Actiontec 300 Mbps Wireless-N ADSL Modem Router (GT784WN),-0.21811006662114443,3.3904970760233923,0.33866332823478007,0.41252920931820647,-0.021786150946946505
"camera, bag",Adventura SH 140 II Shoulder Bag (Black),-0.014635305519574317,0.5394736842105263,0.603401934322987,0.6122329059829063,-0.01636960600375235
"screen, projector, projection",Aeon 58.3 x 104.1 16:9 Fixed Frame Projection Screen with CineWhite Projection Surface,-0.9921639258368368,3.763157894736842,0.21096292768119393,0.4202727342154,-0.05562078775034846
"screen, projector, projection",Aeon 71.5 x 130.9 16:9 Fixed Frame Projection Screen with CineWhite Projection Surface,0.6181412578539123,0.5,0.2061593377382851,0.07872374539041202,0.25487118469574616
headphone,AfterShokz Trekz Titanium Wireless Headphones,-0.09164009724982868,0.29824561403508776,0.868772573917863,0.9483869770796799,-0.2669424106013862
"laptop, computer","Alienware - R3 17.3 Laptop - Intel Core i7 - 16GB Memory - 1TB Hard Drive + 256GB Solid State Drive - Epic Silver""",1.099182474614367,0.3684210526315789,2.0687712939854923,-0.20518585634864772,6.172169408049808
"camera, mirrorless",Alpha a5100 Mirrorless Digital Camera with 16-50mm Lens (White),-0.3726863355250867,3.4709322325421406,0.44550135282007647,0.6115336194740595,-0.04783506433727736
"camera, mirrorless",Alpha a6000 Mirrorless Digital Camera with 16-50mm and 55-210mm Lenses Kit (Silver),-0.10938987683523936,3.4005183413078144,0.1857942426978417,0.20611825202325518,-0.00597673862791077
"camera, mirrorless",Alpha a7 II Mirrorless Digital Camera Body with Accessory Kit,-0.49675489713519067,1.293233082706767,2.046270607759587,3.0627655530279645,-0.7860106262831059
"camera, mirrorless",Alpha a7 Mirrorless Digital Camera with 28-70mm Lens and Battery Kit,-1.3913008130368527,13.13828689370485,0.6192319193963931,1.4807697923109655,-0.0655745973493222
"camera, mirrorless",Alpha a7S II Mirrorless Digital Camera Body with Accessories Kit,-0.07232435207993429,0.12280701754385966,2.7283791010531746,2.9257073517652783,-1.6068157557985645
"car, speaker, subwoofer","Alpine - 5 x 7"" 2-Way Coaxial Car Speakers with Poly-Mica Cones (Pair) - Black""",0.693485690340521,2.526315789473684,0.3263410121533691,0.10002819005376559,0.08958215874775972
"car, speaker, subwoofer","Alpine - 6-1/2 2-Way Component Car Speakers with Poly-Mica Cones (Pair) - Black""",0.021957140221996095,1.5902255639097744,1.4099648710052441,1.3790060746244932,0.019468179284349192
"car, gps, dash",Alpine - UTE - Apple iPod- and Satellite Radio-Ready - In-Dash Receiver - Black,-0.04389871012068619,1.0526315789473684,1.1401421560083584,1.1901929260113435,-0.047548231502835846
"smart, home, automation",Amazon - Amazon Tap Portable Bluetooth and Wi-Fi Speaker - Black,0.11412327303157667,1.1998044647221768,0.7028239634875366,0.6226153924093136,0.0668513690660385
"tablet, computer, ipad",Apple - Pre-owned 9.7-inch iPad Pro - 32GB - Space gray,-0.5227295252847068,1.0985645933014354,0.10990747832853097,0.16735936230044315,-0.05229722887687129
"case, computer",Apple - Smart Cover for Apple iPad and iPad® Air 2 - Charcoal Gray,-0.15425483895792375,2.662280701754386,3.09397003145105,3.5712298803931737,-0.1792672908711767
"player, ipod",Apple - iPod touch® 32GB MP3 Player - Space Gray,0.26960824411159284,0.5905388471177945,1.1957313154681575,0.8733522950755425,0.5459065427550277
"cable, tv, theater",Apple MD825AM/A Lightning to VGA Adapter for iPhones,-0.4013006216315166,1.894736842105263,0.1659024588429623,0.23247921870684018,-0.03513773437260222
"player, ipod",Apple iPod Touch,-0.29081239876591136,0.7719298245614034,0.6840352793434511,0.8829612197698302,-0.2576995137341732
"laptop, computer","Asus - 17.3 Laptop - Intel Pentium - 8GB Memory - 1TB Hard Drive - Black""",1.497928229591914,0.3157894736842105,-0.01788095765360105,0.008903433587865557,-0.08481723893131093
"monitor, computer","Asus - 27 IPS LED HD GSync Monitor - Black""",0.10615897273203873,2.5789473684210527,1.609331377980555,1.438486412108703,0.06624600717479977
"networking, modem, router",Asus RT-AC5300 IEEE 802.11ac Ethernet Wireless Router - 2.40 GHz ISM Band - 5 GHz UNII Band - 8 x Antenna(8 x External) - 5334 Mbit/s Wireless Speed - 4 x Network Port - 1 x Broadband Port - USB - Gig,0.14962820857339584,0.19883040935672514,0.5076749961619833,0.43171249594876016,0.38204669224885773
"laptop, computer","Asus Zenbook Ux303uadh51t 13.3 Fhd Touchscreen Core I56200u 8gb 256gb""",-1.0599608418991682,0.18421052631578946,-0.05531189083820663,-0.11394032921810701,0.31826866549088784
"car, speaker, subwoofer","Atrend-Bbox 10 Dual Front-Fire Enclosure for Dodge Ram 19962002""",-1.4255319148936176,3.6842105263157894,0.09276315789473681,0.225,-0.03589285714285715
"phone, cell",Att Samsung Galaxy Express 3,2.094532724612598,11.606913836314925,0.3165472309541034,-0.3464713031647681,0.05712272387552875
"car, gps, dash",BC 30 Wireless Backup Camera with Car Adapter Power Cable,0.35532135517592833,1.7192982456140349,0.41303258145363414,0.2662732848797168,0.0853599990276866
"car, gps, dash",BOYO - Concealed Mount License Plate Camera with Night Vision - Black,-0.1779102994160764,0.631578947368421,0.4279106858054227,0.5040404040404041,-0.12053872053872046
"speaker, portable, bluetooth",BRAVEN BRV-HD Wireless Bluetooth Speaker [28 Hour Playtime][Water Resistant] Built-In 8800 mAh Power Bank Charger - Black,0.9999999999999996,34.21052631578947,-0.05087719298245614,-2.0816681711721685e-17,-0.0014871794871794866
"power, battery, cell",Belkin Travel RockStar Surge Protector with 2 AC Outlets,-0.18882106221044948,4.546365914786968,1.0618238613661952,1.2623185707497615,-0.044099993960332325
"headphone, earbud, bluetooth",Bose® - QuietComfort® 20 Headphones (Android) - Black,1.0977612164339086,4.5884983437615015,0.16888041530251877,-0.016509954831837925,0.040403277117101385
"microphone, musical, recording",Bower - Electret Condenser Microphone,0.6966695919540963,6.146260387811634,0.9178617222317774,0.2784153707342807,0.10403827875004337
"speaker, audio",Boytone - 2500W 2.1-Ch. Home Theater System - Black Diamond,-0.8307638904609908,1.7894736842105263,0.06599190283400809,0.12081559277131235,-0.03063676790614061
"speaker, portable, bluetooth",Braven BRV-BLADE Wireless Portable Bluetooth Speaker [22 Hour Playtime][Waterproof] 4000 mAh Power Bank Charger - Black,1.0173924226835318,19.05263157894737,-0.057017543859649134,0.000991673223183831,-0.0030446826645685807
"turntable, cd, audio",CD Recorder Cassette and Turntable BLACK,0.4743424715137404,9.447368421052632,0.2361443381180223,0.12413104914114322,0.01185655983599277
"tablet, computer, ipad",CORSAIR - ML Series 140mm Case Cooling Fan - White,-0.47485642769261044,7.605263157894737,0.07856940738944135,0.11587859550831686,-0.004905706396253527
"mouse, keyboard",CORSAIR - MM800 Polaris RGB Gaming Mouse Pad - Black,-0.31683168316831684,3.3684210526315788,0.05263157894736842,0.0693069306930693,-0.0049504950495049506
"memory, computer, component",CORSAIR - VENGEANCE LED Series 16GB (2PK 8GB) 3.0GHz DDR4 Desktop Memory with LED Lighting - Black,-0.599169958574877,0.7781954887218044,0.03785911178875981,0.060543154230912694,-0.029149542461896907
"memory, computer, component",CORSAIR - Vengeance LPX 16GB (2PK x 8GB) 3.2 GHz DDR4 DRAM Desktop Memory Kit - Black,0.6049007979624446,1.523391812865497,0.5294590643274855,0.20918885382734026,0.21023495583694754
"tablet, computer, ipad",CORSAIR CL-9011109-WW Lighting Node PRO,-1.3834690510405019,2.3684210526315788,0.015490205777601903,0.0369204260651629,-0.009048315232525759
"tablet, computer, ipad",CORSAIR HYDRO SERIES H100i v2 AIO Liquid CPU Cooler,0.12037674733397982,1.3508771929824561,0.34368856432399436,0.30231645285478664,0.030626108490192743
"keyboard, computer, mouse",CORSAIR K70 RGB RAPIDFIRE Mechanical Gaming Keyboard - USB Passthrough and Media Controls - Fastest and Linear - Cherry MX Speed - RGB LED Backlit,-0.18662304979117542,3.2149122807017543,0.7991359978894604,0.948273195013506,-0.04638919637692
"mouse, keyboard",CORSAIR M65 Pro RGB - FPS Gaming Mouse - 12,-0.643086506687289,1.1403508771929824,0.1352806082508522,0.22227774203342435,-0.07628979424010175
"security, surveillance, camera",Canary-Moble-phone-compatible-Digital-Wireless-Indoor-Security-Camera-with-Night-Vision,-0.5833333333333335,6.447368421052632,-0.11015746914455952,-0.17441599281221926,0.009966628160698245
"camera, mirrorless",Canon Black EOS Rebel T5i Digital SLR Camera with 18 Megapixels and 18-135mm Lens Included,-5.643998370829535,17.373115061902247,0.013713060699713377,0.0911095529479822,-0.004454957672961754
"lens, camera",Canon EF 100mm f/2.8L IS USM Macro Lens for Canon Digital SLR Cameras,1.0000000000000002,0.33918128654970764,0.016746411483253586,-3.469446951953614e-18,0.0493730407523511
"speaker, center, channel",Cerwin Vega - SL Series 2-Way Center-Channel Loudspeaker - Black,-0.339495277140375,3.3684210526315788,1.3853415590257696,1.8556584755413024,-0.1396253345905488
"phone, cell",Clarity - Super-Loud Phone Ringer - White,1.7978182812607455,12.052631578947368,0.12017543859649123,-0.0958781618708089,0.017925844580256343
"radar, detector, vehicle",Cobra - Radar and Laser Detector,0.1334588692294938,0.25438596491228066,1.1756892230576443,1.018783068783069,0.6168035030103995
"case, computer",Cooler Master - HAF X Ultimate Full-Tower Chassis - Black,-0.49885123213259364,0.7894736842105263,0.40882092337200693,0.6127617447177173,-0.25832504037123305
"camera, shoot, point",Cyber-shot DSC-RX100 V Digital Camera,-0.2312292810296019,0.7263157894736842,2.3570425706890505,2.902059829665645,-0.7503860811996581
"camera, shoot, point",Cyber-shot DSC-WX220 Digital Camera (Black),-0.3966647158733413,2.142481203007519,0.4987940266281378,0.6966480174799078,-0.09234806381219661
"camera, shoot, point",Cyber-shot DSC-WX350 Digital Camera Deluxe Kit (Black),0.2794136632391728,0.8695562435500515,5.66299523819579,4.080676993785512,1.8196847600683117
desktop,CybertronPC - Rhodium Desktop - AMD FX-Series - 16GB Memory - NVIDIA GeForce GTX 1050 - 2TB Hard Drive - Green,-2.9309486373165607,0.14035087719298245,-0.03381180223285487,-0.1329124579124579,0.7060921717171716
"camera, mirrorless","D3400 DSLR Camera with 18-55mm and 70-300mm Lenses (Red, Refurbished)",-0.582544243541494,9.073099415204679,0.2600188695400084,0.411491365202707,-0.016694680475875905
"turntable, cd, audio",DP-300F Fully Automatic Turntable,0.2647043820078576,0.15087719298245614,1.8792605045477544,1.3818120140596661,3.2970423206768626
"camera, bag",DSLR Value Pack with Nikon School Online Course,-0.5336710142416746,6.115037593984963,1.1332598717405187,1.7380478168916715,-0.09890175421751297
"networking, adapter, switch",DUB-1340 4-Port USB 3.1 Gen 1 Hub,0.0184613674652826,11.844736842105263,0.055233581390568685,0.05421389394809382,8.608780896255401e-05
"drive, dvd, computer",Dell DW316 External USB Slim DVD R/W Optical Drive 429-AAUX,-0.3162484795372047,0.8210526315789475,0.8223285486443381,1.0823887018331464,-0.3167399301658561
"tablet, computer, ipad",Dell USB 3.0 Ultra HD/4K Triple Display Docking Station (D3100),-0.2851051082476064,1.331578947368421,0.2596416254310991,0.33366677915521703,-0.05559201267819137
"receiver, amplifier, home",Denon AVRX2300W  Dealer ReCertified  7.2 AV Receiver w/ Dolby Atmos,-0.18844833382103504,8.912280701754385,0.32342333105491,0.3843719189110568,-0.006838719503544032
headphone,Details About *new~sennheiser Hd 4.50 Btnc Wireless Noise Cancelling Headphones~touch Controls,-0.2236931962492807,3.9473684210526314,0.3899324925216266,0.477157738095238,-0.022097062211981554
"card, memory, camera",Details About 128gb Sony Xqd Qdg128e/j Memory Card,-0.2180810938743892,2.666666666666667,2.2392853881883363,2.7276311951413845,-0.1831296776073932
"car, speaker, subwoofer","Details About Alpine 480w 6.5 2way Typee Coaxial Car Speakers W/ Silk Tweeters | Spe6000""",-0.3135523246859069,15.543859649122808,0.18357360314089707,0.24113353315669345,-0.0037030654750568773
"laptop, computer","Details About Asus Q304 13.3 Laptop I5 2.5 Ghz 6gb 1tb Hdd Win 10 (q304uabhi5t11)""",-0.10138018938137312,1.0476190476190477,0.46823536113009806,0.515705150716523,-0.04531207187795111
"graphic, card, computer",Details About Evga Nvidia Geforce Gtx 1060 Ssc Gaming 6gb Gddr5 Pci Express 3.0 Graphics ...,-0.133174531066478,2.0,3.5357951329937745,4.006672991777355,-0.2354389293917906
"graphic, card, computer",Details About Evga Nvidia Geforce Gtx 1080 Sc Gaming 8gb Gddr5x Pci Express 3.0 Graphics ...,-5.333333333333334,16.0,0.02631578947368421,0.16666666666666669,-0.008771929824561405
"car, speaker, subwoofer",Details About Fits Chevy Silverado Pickup 19992006 Speaker Upgrade Pioneer Tsg1345r Tsg4620s,0.28434600598981036,2.348872180451128,0.15605168581831932,0.11167901222790355,0.018891055017686637
"car, gps, dash",Details About Garmin Etrex 10 Handheld Outdoor Hiking Gps Receiver Brand New 0100097000,-0.10447069676446867,0.2807017543859649,0.37858458671165307,0.4181355822697079,-0.14090042167557024
"charger, computer, laptop",Details About Genuine Used Apple 85w Magsafe Power Adapter Mc556ll/b Model A1343 1185cl,-0.09169634388186038,0.6140350877192983,12.571059075963074,13.723779231951768,-1.877287111181584
"car, speaker, subwoofer",Details About Kenwood 12 Inch 2000 Watt 4 Ohm Single Voice Coil Audio Subwoofer | Kfcw3016ps,-0.23418304668304654,1.4210526315789473,1.1475563909774438,1.4162946428571428,-0.18911210317460309
"car, gps, dash","Details About Kenwood Ddx375bt Car Double Din 6.2 Touchscreen Usb Dvd Cd Bluetooth Stereo""",-0.1896730241216323,0.14736842105263157,0.2432782717273273,0.2894215972289336,-0.3131154230466147
headphone,Details About Kicker Hp402bt Tabor Black Overtheear Wireless Bluetooth Headphones,-12.974778459441088,0.7368421052631579,0.002782498040767543,0.03888479368355529,-0.04899597265806909
"mouse, keyboard",Details About Logitech G403 Prodigy Wireless Gaming Mouse,0.7627023661896128,4.934210526315789,0.4782581453634086,0.11348952624528102,0.07392644014127385
"mouse, keyboard",Details About Microsoft Arc Mouse Bluetooth 4.0 Souris Wireless For Surface Windows 10,7.40449532506336,0.47368421052631576,0.011388888888888893,-0.07294008564655496,0.17802783513038148
"tablet, computer, ipad",Details About Microsoft Surface Pen Stylus W/ Tip Kit For Surface Pro 3,-0.3112067371789945,0.9473684210526315,0.3397273052511302,0.4454527314489467,-0.1115990609865841
"radio, portable, satellite",Details About Midland Wr120c Noaa Weather Alert Radio,-0.2248263888888889,0.5526315789473685,-0.08205128205128205,-0.1004985754985755,0.033380816714150045
"networking, modem, router",Details About New Arris Surfboard 16x Cable Modem With Wifi Ac1900 Router (sbg6900ac),0.1220286267517373,2.1860185267923633,26.791699797399552,23.52234546277809,1.4955748519747116
"case, computer",Details About New Oem Apple Ipad Air 2 Otterbox Defender Rugged Series Case With Kick Stand,-2.60368207581045,6.464342674868991,-0.05396020806988824,-0.1944554346284586,0.021733876687070542
"monitor, computer","Details About Openbox Excellent: Alienware Aw2518h 25 Led Fhd Gsync Monitor Black""",2.8474759235112073,0.7192982456140351,0.02096029547553092,-0.03872364124072426,0.08297522909333038
"projector, presentation, screen",Details About Optoma Hd142x Full Hd 10980p 3d Dlp Home Theater Projector,-0.3008957604628777,5.522556390977444,0.7181195270370554,0.9341986482281122,-0.039126648221117166
"keyboard, computer, mouse",Details About Razer Blackwidow Chroma V2,0.03275018124144008,1.7543859649122808,0.8149403662605499,0.7882509215645513,0.015212983476719183
"headset, game, computer",Details About Razer Kraken Pro V2 Analog Gaming Headset For Pc/xbox One/ps4 Black (p05),0.039638872961227485,0.6789473684210526,0.8396082441311142,0.806327119604802,0.04901871054263083
"mouse, keyboard",Details About Razer Mamba Chroma Professional Grade Esports Wired/wireless Ergonomic Gaming,-0.026778635406851856,0.42105263157894735,0.4136913138461126,0.4247694027105792,-0.026310461053108115
"tv, television, led","Details About Samsung 24 Class Hd (720p) Smart Led Tv (un24m4500)""",0.1519433238570929,6.972368421052631,0.13451034275585644,0.11407239418437477,0.0029312777720939924
"tv, television, led","Details About Samsung 55 Class 4k (2160p) Smart Led Tv (un55mu7000fxza)""",0.47199931387606536,12.904502519391714,0.6260461689924639,0.33055280677328164,0.022898469877094575
"tv, television, led",Details About Samsung Electronics Un49mu8000 49inch 4k (2160p) Uhd Led Lcd Internet Smart Tv,2.124275279607858,12.769924812030075,0.03176861227415244,-0.03571666544727636,0.005284704390573499
"drive, storage, hard",Details About Seagate 1tb Internal Serial Ata Hard Drive For Laptops,-0.5833333333333334,0.982456140350877,-0.11146470828233376,-0.17648578811369514,0.06618217054263568
"drive, storage, hard",Details About Seagate 4 Terabyte (4tb) Superspeed Usb 3.0 Game Drive For Xbox One Stea4000402,-0.1308252287561788,0.36403508771929827,0.8223944133629886,0.929984350619005,-0.29554826137797285
"drive, storage, hard",Details About Seagate Expansion 1tb External Usb 3.0 Portable Hard Drive Black,-0.23250562299532054,1.0592105263157894,0.5238746492628737,0.6456784509611933,-0.11499489352884823
"tv, 4k, television",Details About Sony Kd43x720e 43inch 4k Ultra Hd Smart Led Tv (2017 Model) Kd43x720e,-0.05529825279721833,1.2456140350877194,1.3792986568396999,1.4555714626484852,-0.06123309762113759
"tv, television, led",Details About Sony Kd70x690e 70inch 4k Ultra Hd Smart Led Tv (2017 Model),-0.27531437943413056,3.1464912280701753,0.3555821371610845,0.4534790125914504,-0.03111302982732565
"camera, shoot, point",Details About Spring Deals Retal Box Sale Sx720 Canon Powershot Sx 720 Hs Digital Camera,0.08873735295150621,1.7416267942583734,0.32631283264340627,0.2973566956405226,0.016625913828578837
"player, ipod",Details About Sylvania Dual Portable Dvd Player W/ 9inch Widescreen Led Display Refurbished,-0.07136137239865747,0.19736842105263158,1.1716267942583733,1.2552356902356905,-0.42361840628507297
"drive, storage, hard",Details About Wd Red Pro 8tb Nas Desktop Hard Drive Intellipower 6 Gbs 128 Mb Cache Wd8001ffwx,0.7010608184241628,0.15789473684210525,0.4222013366750208,0.12621252204585526,1.8745958259847153
"security, surveillance, camera",Details About Zmodo Greet Wifi Video Doorbell W/ Zmodo Beam Smart Home Hub And Wifi Extender,-0.8305842454139046,6.315789473684211,0.14590643274853798,0.26709401709401703,-0.01918803418803418
"security, surveillance, camera",Details About Zmodo Hd Wifi Home Security Camera Twoway Audio Motion Detection Cloud Service,0.20401375215487982,1.3279352226720649,-0.0681477357358226,-0.05424466046749823,-0.010469693875841818
"networking, modem, router",EA9300 Tri-Band Wireless-AC4000 MAX-STREAM MU-MIMO Gigabit Router,-0.13124910840444431,0.23684210526315788,0.21902088697754327,0.24776718311529647,-0.12137325035940207
"speaker, audio",ECOXGEAR - ECOSTONE Bluetooth Waterproof Speaker - Blue,-1.4771406443372899,2.6184210526315788,0.08126532409721725,0.2013056372964594,-0.0458445417243337
"speaker, portable, bluetooth",ECOXGEAR ECOXBT Rugged and Waterproof Wireless Bluetooth Speaker (Orange),-0.9073359073359074,10.789473684210526,0.11359649122807017,0.21666666666666667,-0.009552845528455286
"lens, camera",EF 50mm f/1.4 USM Lens,0.10064193984315913,8.064035087719299,0.9599173002491244,0.8633093610630442,0.011980099061474087
"screen, projector, projection","ELECTRIC100H Spectrum Motorized Projection Screen (49 x 87, 110V, 60Hz)",-0.28073441415552547,1.394736842105263,0.6744152046783626,0.8637467620613215,-0.13574715435004603
"screen, projector, projection","ELECTRIC125H Spectrum Motorized Projection Screen (61 x 109, 110V, 60Hz)",1.3780757477641055,1.7087719298245616,-0.04072681704260652,0.015397821807435381,-0.03284501452209844
"camera, mirrorless",EOS Rebel SL2 DSLR Camera Body Deluxe Kit,-0.01020846714126626,0.2732793522267207,0.6529312854620805,0.6595967130352248,-0.024390527563950576
"speaker, portable, bluetooth",EcoXGear Ecostone Bluetooth Speaker,-0.6829122676559062,1.736842105263158,0.19116161616161617,0.32170822894331336,-0.07516320129855295
"speaker, portable, bluetooth",Ecoxgear Ecocarbon Bluetooth Waterproof Speaker (black),-0.40625776406487435,0.6052631578947368,0.10309374148383436,0.1449763743881391,-0.06919739349406868
"receiver, amplifier, home",Elite SC-LX501 7.2-Channel Network A/V Receiver,-0.1415728792899864,2.6973684210526314,0.31154012517790464,0.3556457577137033,-0.01635135645229612
"camera, camcorder, action",Energizer Nikon D5100/3100 Battery Grip,0.8755256284334337,8.81578947368421,0.0977395411605938,0.01216606796316945,0.00970684173582724
"radar, detector, vehicle",Escort Solo S3 Cordless Radar Detector,0.0794881624497572,10.68421052631579,0.12572515204094153,0.11573149073149072,0.0009353673146776596
headphone,Everest Elite 700 Around-Ear Wireless Headphones (White),1.333889057993403,0.14619883040935672,0.20697600792582582,-0.06910702431358917,1.8884079405175982
"speaker, bluetooth, mobile",FUGOO - Sport XL Portable Bluetooth Speaker - Black/White,-37.7079945799457,0.3508771929824562,-0.0022132253711201143,-0.0856695156695157,0.23785042735042736
"mount, tv, stand",Flexson - Wall Mount for Sonos PLAY:1 Speakers (2-Pack) - White,0.2083360696804876,0.08479532163742691,0.9040153937809938,0.7156763797100031,2.2211014762854746
"drive, dvd, computer",GP60NB50 8x Super-Multi Portable DVD Rewriter with M-DISC,-0.8193982870547885,18.34553429027113,0.057174190299022765,0.10402262389378653,-0.0025536696208192794
"camera, camcorder, action",Gear 360 Spherical VR Camera,-0.37961128942979555,0.5964912280701755,0.2819500103252964,0.3889814172996263,-0.179435005809906
"camera, camcorder, action",GoPro HERO6 Black Camera,0.03805928641539471,0.34210526315789475,0.5248565031459769,0.5048808391657617,0.05839040240370611
"car, gps, dash",GoSafe S30 1080p Dash Cam,-0.028930238115001228,0.9473684210526315,0.08226571330286499,0.0846456799774173,-0.0025121870453607698
"receiver, amplifier, home",Grace Digital - 100W 2.0-Ch. Amplifier - Black,-2.004351019766346,7.280701754385966,-0.06485922467458971,-0.19485987779235817,0.017855511392079037
"wireless, speaker, audio",Grace Digital - 3Play Bluetooth Audio Adapter - Black,2.996073886183343,9.207017543859648,0.0639451192082771,-0.12763918260052284,0.020808508390056393
headphone,HD 700 Stereo Headphones,2.226469495599531,6.23391812865497,-0.031835080124553806,0.03904475466273217,-0.011370029782951128
"laptop, computer","HP - Stream 14 Laptop - Intel Celeron - 4GB - 32GB eMMC Flash Memory - Office 365 Personal 1-Year Subscription Included - Aqua blue""",0.5674420625766888,0.8421052631578947,-0.08392902344651863,-0.03630416527197883,-0.056554519082266025
"laptop, computer","HP 15-AY103DX 15.6 Touchscreen Touch Screen HD Laptop Notebook PC Computer 7th Gen i5-7200U Kaby Lake 8GB Memory 1TB HDD Hard Drive Windows 10""",-0.7272727272727271,8.0,0.6103978838498962,1.0543236175589117,-0.05549071671362692
desktop,HP ENVY 34-b010 34-inch Curved All-in-One Computer (Intel Core i7-7700T,0.055446355446355455,0.2192982456140351,0.09278002699055331,0.08763571263571264,0.02345807345807346
desktop,HP Pavilion 24-inch All-in-One Computer,-3.749999999999998,8.289473684210526,0.008771929824561401,0.041666666666666644,-0.003968253968253965
"sound, speaker, home",HT-CT790 330W 2.1-Channel Soundbar System,-0.1736354675081856,7.131578947368421,0.6887216818149158,0.8083081930198727,-0.016768588287041905
"sound, speaker, home",HT-NT5 400W 2.1-Channel Soundbar System,-0.08058847523570213,3.7851359167148644,0.5557482728568965,0.6005351787813088,-0.01183231115338204
"sound, speaker, home",HT-XT2 170W 2.1-Channel TV Speaker Base (Black),-0.20551702135697378,3.5657894736842106,1.0939298384269824,1.3187510403940115,-0.06304948837451736
"tv, 4k, television","Hisense - 55 Class - LED - H8 Series - 2160p - Smart - 4K UHD TV with HDR""",-0.4919859871543842,3.6729323308270674,0.34728867623604465,0.5181498384415744,-0.04651900629137248
"tv, television, led",Hisense 50H4D Roku 50-inch HD Smart DLED TV,-0.6479761696162608,5.684210526315789,0.08251879699248121,0.135989010989011,-0.00940679690679691
"tv, television, led","Hisense 65 Class 4K(2160p) Smart LED TV (65H9PLUS)""",9.666803559044283,2.7236842105263164,-0.004817756662460099,0.04175455058881849,-0.017099011357957352
headphone,House of Marley EM-DH003-PS TTR Noise-Cancelling Over-Ear Headphones (Black),-1.403601541214593,25.68421052631579,0.11319201894897424,0.27206851119894593,-0.006185765067109552
"headphone, earbud, bluetooth",House of Marley Smile Jamaica In-Ear Earbuds,-0.9337686754366596,5.157894736842105,0.7894936280365172,1.5266980473538587,-0.14292738741866826
"tv, television, led",J5205 32-Class Full HD Smart LED TV,1.1564653020610014,4.144967682363804,-0.04116773415019029,0.006441321958976523,-0.011485989700652186
"sound, speaker, home",JBL Cinema SB350 Soundbar System,0.9446443048236723,0.9078947368421053,0.3864348370927318,0.02139136904761907,0.4020768633540372
"speaker, portable, bluetooth",JBL Clip2 Portable Speaker,-0.08812165083330985,1.099687717612653,2.3281283883638215,2.5332869052983344,-0.18656070596105068
"camera, shoot, point",JOBY GorillaPod 3K Kit. Compact Tripod 3K Stand and Ballhead 3K for Compact Mirrorless Cameras or devices up to 3K (6.6lbs). Black/Charcoal.,1.2676916906091467,0.08270676691729323,0.15860720195578148,-0.04245783003432951,2.43105902315316
"car, gps, dash",JVC KW-R920BTS 2-DIN Bluetooth In-Dash Car Stereo and SiriusXM Ready #KW92BT,20101.94444445914,1.0921052631578947,4.889592990275915e-06,-0.098285437053553,0.09000078102575047
"turntable, cd, audio",Jensen174 Portable 3-Speed Stereo Turntable With Built-In Speakers - Black (jta-410 ),0.8147458935754178,28.105661881977678,0.18336503756012476,0.03396912618271089,0.0053155094516102366
"speaker, audio","KICKER - 6.5 2-Way Full-Range Speakers (Pair) - White""",-0.2253026717334389,0.9482456140350877,0.7709005715421884,0.9445865299514784,-0.18316558056113852
"car, gps, dash","Kenwood - 6.2 - Apple CarPlay™ - Built-in Navigation - Bluetooth - In-Dash CD/DVD/DM Receiver - Black""",0.6545382175529773,2.0771929824561406,1.710840564545551,0.5910300309105767,0.5390979764965669
"car, speaker, subwoofer","Kenwood - 6.5 2-Way Marine Speakers with Polypropylene Cones (Pair) - Black""",-0.5010629954515503,3.333333333333333,1.6608593895223995,2.493054570260326,-0.249658554221378
"car, gps, dash",Kenwood - CD - Built-In Bluetooth - Apple® iPod®- and Satellite Radio-Ready - In-Dash Deck - Black,-0.12370622999819719,1.9122807017543861,2.4407529747021552,2.742689323559444,-0.15789332004463724
"car, speaker, subwoofer","Kenwood KFC-1653MRW 6.5 2-way Marine Speakers Pair (White)""",0.49186567976192475,4.512280701754385,6.110871814774581,3.105143695662494,0.6661217060240627
"speaker, audio","Kicker 41IK5BT2V2 Amphitheater High-Performance Audio System with Bluetooth, Black",-0.6508336130692628,0.5263157894736842,0.041478696741854615,0.06847442680776011,-0.05129188712522045
"car, speaker, subwoofer",Kicker 43CXA3001 600 Watt MONO Class D Power Car Audio Amplifier Amp CXA300.1,0.09996985083445453,4.7255639097744355,0.2869492826465501,0.2582630056633208,0.006070445248638829
"car, speaker, subwoofer","Kicker DSC44 4 D-Series 2-Way Car Speakers with 1/2"" Tweeters""",1.786449654902791,1.513157894736842,0.11290726817042604,-0.08879588208864841,0.1332994732146927
"drive, storage, hard",Kingston - HyperX Savage 480GB Internal SATA III Solid State Drive for Laptops,-0.05555555555555555,0.5614035087719298,-0.039411027568922306,-0.0416005291005291,0.003900049603174603
"tv, television, led","LG - 28 Class (27.5"" Diag.) - LED - 720p - HDTV""",-0.11711377372494958,1.236842105263158,-0.008931419457735247,-0.009977411695151064,0.0008456958515276823
"tv, 4k, television","LG - 55 Class - LED - UJ7700 Series - 2160p - Smart - 4K UHD TV with HDR""",-3.4083145433543116,34.515789473684215,0.16666666666666666,0.7347190905590519,-0.016457755495509787
"tv, 4k, television","LG - 65 Class - LED - SJ8500 Series - 2160p - Smart - 4K UHD TV with HDR""",0.6747845636062917,13.998245614035087,0.3246643000463034,0.10558584202101642,0.015650422493346736
"tv, 4k, television","LG - 65 Class - OLED - B7A Series - 2160p - Smart - 4K UHD TV with HDR""",0.07803970987309748,4.991102756892231,0.83056797049383,0.7657506870466042,0.012986565615728803
"tv, 4k, television","LG - 75 Class - LED - UJ6470 Series - 2160p - Smart - 4K UHD TV with HDR""",-0.12750700966464976,7.827067669172933,1.2006727344677481,1.353766924425609,-0.019559584307776618
"projector, presentation, screen",LG - MiniBeam PH550 720p DLP Projector - White,-0.5833333333333334,1.75,0.23929141034404194,0.3788780663780664,-0.07976380344801398
"drive, dvd, computer",LG - Super-Multi 24x External USB 2.0 Double-Layer DVD±/CD-RW Drive - Black,2.520719016740151,2.1271929824561404,0.22693550678315222,-0.34510514073870313,0.26891807759790315
"tv, 4k, television",LG Electronics OLED65C6P Curved 65-Inch 4K Ultra HD Smart OLED TV (2016 Model),-0.3042923339618941,0.5723684210526315,0.15882722729072474,0.2071571349797156,-0.08443845941065073
"tv, 4k, television",LG Electronics OLED65C7P 65-Inch 4K Ultra HD Smart OLED TV - Refurbished,-0.713020448243695,9.923558897243106,0.17337703261361415,0.29699840212293505,-0.01245736240288396
"tv, 4k, television",LG Electronics OLED65E6P Flat 65-Inch 4K Ultra HD Smart OLED TV (2016 Model),0.12077997154312614,2.336687306501548,1.4682927300754531,1.2909523759199613,0.07589391771079693
"laptop, computer","Lenovo Flex 4 1470 80SA0000US 2-in-1 - 14 HD Touch - Pentium 4405U 2.1Ghz - 4GB - 500GB""",-0.9018891575766496,8.0,0.260310815972077,0.4950823184972238,-0.029346437815643348
"speaker, audio",Leviathan Elite Gaming Soundbar,-0.209644239425396,2.2456140350877196,2.1137580020432316,2.556895190710929,-0.19733452932858422
headphone,Liberate XLBT Bluetooth Headphones (Midnight),-0.11880375881469923,1.6578947368421053,1.30339993570603,1.4582487473067436,-0.09340087048931935
"networking, modem, router",Linksys AC1900 Gigabit Range Extender/WiFi Booster/Repeater MU-MIMO (Max Stream RE7000),2.0132678829996835,13.403508771929824,0.25438596491228066,-0.2577611281314984,0.03820992709881598
"networking, modem, router",Linksys Velop Tri-Brand Whole Home WiFi System-- White (AC6600),-2.3868724492857156,3.2842105263157895,0.2029352226720648,0.6873157146576782,-0.14748764980331178
"remote, control, tv",Logitech Harmony Smart Control with Smartphone App and Simple All In One Remote - Black,-0.23512149167770316,3.964035087719298,6.093577933259374,7.526309066581653,-0.3614325054187649
"keyboard, computer, mouse",Logitech K800 Wireless Illuminated Keyboard — Backlit Keyboard,-0.11167861631604625,4.815789473684211,0.7406823915977233,0.8234007762210169,-0.017176495167678465
"camera, mirrorless",Lumix DMC-G7 Mirrorless Micro Four Thirds Digital Camera with 14-42mm Lens and Accessory Kit (Black),-0.8518587119195611,2.822325421396629,0.6587828931632079,1.2199728399678598,-0.19883956065099928
"lens, camera",Lumix G 25mm f/1.7 ASPH. Lens,0.2756286158032306,0.2565789473684211,1.5936080991202117,1.1543641046268902,1.7119253118714066
"lens, camera",Lumix G 42.5mm f/1.7 ASPH. POWER O.I.S. Lens,0.13635078826756408,0.09774436090225565,0.8684791932687936,0.7500613706726157,1.2115054157916687
headphone,M-Audio - Over-the-Ear Headphones - Black,-0.7071640457936573,11.052631578947368,0.16236464366658268,0.27718308197568886,-0.010388334894633412
"lens, camera",M.Zuiko Digital ED 40-150mm f/4-5.6 R Lens (Silver),-0.02702998039580256,1.131578947368421,1.9475700400228704,2.000212820024141,-0.04652152651275075
"screen, projector, projection",M80UWH Manual Series Projection Screen (39.6 x 69.6),0.1633161142391669,4.815789473684211,-0.03921998624011007,-0.0328147304868617,-0.0013300531072319018
"monitor, computer",MG278Q 27 Widescreen LED Backlit TN Gaming Monitor,-0.045416602503218786,0.2456140350877193,1.0958834757155014,1.1456547799219183,-0.20264030998326818
"laptop, computer","MSI - 15.6 Laptop - Intel Core i7 - 16GB Memory - NVIDIA GeForce GTX 1060 - 1TB Hard Drive + 256GB Solid State Drive - Black""",-130.97278150634327,0.14035087719298245,0.0003264279580068936,0.043079605579605565,-0.30461639055389056
"speaker, center, channel","MTX - Monitor Series Dual 6-1/2 200W 2-way Center-Channel Speaker (Each) - Black""",-0.08813116906300861,0.631578947368421,1.6657726455115813,1.8125791361536976,-0.2324436101833508
"tv, television, led",MU8000-Series 65-Class HDR UHD Smart LED TV,-0.14547244733559714,12.267543859649122,1.2420753093948809,1.4227630444276729,-0.014728925129594799
"tv, 4k, television",MU9000-Series 65-Class HDR UHD Smart LED TV,-0.45750506209286873,14.798653646310902,0.37214000102184414,0.5423959352965831,-0.011504825935106702
"car, gps, dash","Magellan Roadmate 5322-LM 5 Touchscreen Portable GPS Navigation System""",-0.2599061265346966,3.710526315789474,0.5754577500662224,0.7250227448703058,-0.04030829647202247
headphone,Master and Dynamic MH40S2 Award Winning Over-ear,0.23314794867289543,0.12631578947368421,0.6254013301226923,0.4795902929072863,1.1543373779552975
"radio, portable, satellite",Memorex CD/Cassette Recorder Boombox MP3 AM/FM FlexBeats MP3262 with Aux line in jack - Black,-1.3414141414141412,3.789473684210526,0.11842105263157894,0.2772727272727272,-0.04191919191919191
"keyboard, computer, mouse",Microsoft Surface Pro 4 Type Cover with Fingerprint ID,-0.26666666666666666,1.9849624060150377,0.057956993920553396,0.07341219229936763,-0.007786141607508689
"speaker, portable, bluetooth","Monster SuperStar BackFloat High-Definition Bluetooth Speaker, Neon Green",1.4689131466540108,10.526315789473685,-0.03070175438596492,0.014396456256921385,-0.004284330011074199
"drive, storage, hard",My Cloud Expert Series EX4100 24TB 4-Bay NAS Server (4 x 6TB),0.9909160451329128,0.14035087719298245,0.4247076023391813,0.0038580246913579863,2.9985532407407414
"tv, streaming, medium",MyWirelessTV2 Multi-Room Wireless HD Video Kit,-0.24952255064133033,1.9736842105263157,0.5284829380139462,0.6603513486776101,-0.06681332806958973
"networking, adapter, switch",NETGEAR - AC600 Dual-Band WiFi USB Mini Adapter - Black,2.09152510938862,9.65657894736842,-0.049283758299103565,0.05379445966851131,-0.010674403277747284
"networking, modem, router",NETGEAR AC1000 Dual Band Smart WiFi Router,-1.1201986754966888,2.3859649122807016,0.043859649122807015,0.09299116997792495,-0.020591887417218544
"networking, modem, router",NETGEAR Nighthawk X10 AD7200 802.11ac/ad Quad-Stream WiFi Router,-0.016069117147549196,2.8815789473684212,0.7861315315955205,0.7987639712701112,-0.004383860343693573
"speaker, portable, bluetooth",New OEM Braven LUX Pearl Portable HD Wireless Bluetooth Speaker Power Bank,-0.3571428571428571,9.210526315789474,0.02119883040935672,0.028769841269841265,-0.0008219954648526074
"camera, shoot, point",Nikon - COOLPIX B700 20.2-Megapixel Digital Camera - Black,-0.20816934583865765,0.668922305764411,0.8233156759682276,0.9947047616532458,-0.256216729817618
"camera, shoot, point",Olympus TG-5 Waterproof Camera with 3-Inch LCD,0.1502750147725284,0.20325814536340853,0.6406417084617866,0.5443692662587936,0.47364617064111125
"receiver, amplifier, home",Onkyo - TX 7.2-Ch. Network-Ready A/V Home Theater Receiver - Black,-0.09712765891521646,1.0526315789473684,1.2027296181630547,1.3195479302832245,-0.11097739651416122
"receiver, amplifier, home",Onkyo TX-8270 2 Channel Network Stereo Receiver with 4k HDMI,-0.2622179572480319,0.7368421052631579,0.25892593522037316,0.32682096503239566,-0.09214325474488765
"receiver, amplifier, home",Onkyo TXNR757 7.2 Channel Wireless A/V Receiver w/ HDCP2.2/HDR DTS _ Bluetooth,-4.921850925372055,15.842105263157896,0.009603894828760392,0.05687283347887061,-0.002983753602498652
"projector, presentation, screen",Optoma - UHD60 4K DLP Projector with High Dynamic Range - White,0.7438773770830897,1.0526315789473684,-0.0434499052146111,-0.01112850368905733,-0.030705331449276077
"tv, 4k, television",P-Series 55-Class UHD SmartCast LED Home Theater Display,2.570971906313395,3.6184210526315788,0.07127521601205812,-0.11197136197136197,0.05064269064269065
"projector, presentation, screen",P101 Ceiling Projector Mount (White),-1.1330111102284617,3.006911217437533,0.11334367386998966,0.24176331563879933,-0.0427081587989977
"microphone, musical, recording",PDWM1904 Single-Channel Wireless System with Headset Lavalier Microphones,-0.2318351793706504,3.473684210526316,0.3148113152757115,0.3877956530205664,-0.021010642684124906
"wireless, speaker, audio",PLAY:3 Wireless Speaker (Black),0.36449041621560585,0.34795321637426896,-0.11639828603881519,-0.0739722263137443,-0.12193035652079198
"sound, speaker, home","PLAYBAR Wireless Soundbar, Wireless Speaker Pair, and Wireless Subwoofer Kit (White)",-0.05148411039296224,0.0053705692803437165,3.524152394081129,3.7055902449796236,-33.78372783729977
"microphone, musical, recording",PMX840BT Bluetooth 8-Channel 800-Watt Powered Mixer with MP3,-0.13566101193027705,0.631578947368421,3.1293824673326056,3.553917659567814,-0.67218072103908
"graphic, card, computer",PNY - NVIDIA GeForce GTX 1060 6GB GDDR5 PCI Express 3.0 Graphics Card - Black,-0.1875,3.0,-0.0852954755309326,-0.10128837719298246,0.0053309672206832874
"graphic, card, computer",PNY - XLR8 NVIDIA GeForce GTX 1080 8GB GDDR5X PCI Express 3.0 Graphics Card - Black/Red,-0.7709030100334452,1.0,0.0647186147186147,0.1146103896103896,-0.049891774891774904
"turntable, cd, audio",PP999 Phono Preamplifier,-0.3483396087432821,7.964912280701755,0.27574107683000604,0.3717926156474216,-0.012059334168706363
"receiver, amplifier, home",PYLE - Amplifier - Black,-3.762006432038557,7.2631578947368425,0.037789111473322,0.17995199189698138,-0.01957315020325745
"case, computer",Phantom 530 Full-Tower Case (Black),-0.009098126734673138,0.10526315789473684,1.2773723352670723,1.2889940306606975,-0.1104061062394395
"player, ipod",Philips174 Blu-Ray Disc Player,1.2872301232152223,5.1948448707976835,2.2589002223454107,-0.6488241891951643,0.5597326741913058
"headphone, earbud, bluetooth",Pinnacle P1 High Fidelity Audiophile In-Ear Headphones,1.0991896524855855,0.7017543859649124,-0.03207377417903734,0.003181386514719879,-0.05023860398860401
"receiver, amplifier, home",Pioneer - 5.1-Ch. 4K Ultra HD HDR Compatible A/V Home Theater Receiver - Black,-0.09311357018527605,3.5350877192982453,1.0763312986252411,1.1765523485423917,-0.028350371440583576
"receiver, amplifier, home",Pioneer - 5.1-Ch. Network-Ready 4K Ultra HD and 3D Pass-Through HDR Compatible A/V Home Theater Receiver - Black,-0.1741097716546367,2.6315789473684212,0.9655057017286119,1.1336096789878303,-0.06387951135850299
"sound, speaker, home","Pioneer - Andrew Jones Soundbar System with 6-1/2 Wireless Subwoofer - Black""",-0.7283441029498952,1.2105263157894737,0.0834790222863988,0.14428047588872023,-0.050227287758439446
"receiver, amplifier, home",Pioneer - Elite 7.2-Ch. Hi-Res 4K Ultra HD HDR Compatible A/V Home Theater Receiver - Black,-0.201291269317606,1.6578947368421053,0.4219552965899322,0.5068912138358065,-0.0512311881800512
"car, speaker, subwoofer",Pioneer 200W 4x6 Inch 3 Way 4 Ohms Coaxial Car Audio Speakers Pair | TS-A4676R,1.201616385958418,0.5894736842105263,0.574481658692185,-0.11582491582491572,1.1710557960557961
"receiver, amplifier, home",Pioneer Elite VSX-LX101 7.2 Channel Networked AV Receiver with Built-In Bluetooth _ Wi-Fi Black,-0.2917457157519263,4.2631578947368425,0.2319374992505186,0.29960427097907305,-0.015872452627685604
"car, speaker, subwoofer",Pioneer GM-D8601 Class D Mono Amplifier with Wired Bass Boost Remote,-0.1843638524869742,1.908270676691729,0.6296956582967663,0.7457887757546795,-0.06083681884122321
"car, speaker, subwoofer",Pioneer TS-SWX2502 10 inch Shallow-Mount Pre-Loaded Enclosure,-18.826766972657985,2.7435406698564595,0.00665340334270726,0.13191547765096054,-0.04565708672902849
"car, gps, dash","Planet Audio - 6.2 - Bluetooth - In-Dash DVD Receiver - Black""",-0.2548133806604281,1.2105263157894737,0.23898207056101792,0.29987789987789987,-0.05030525030525031
"speaker, audio","Polk Audio - 7 3-Way Floor Speaker (Each) - Cherry""",0.9870301764841054,16.94736842105263,-0.04916168103087608,-0.0006376183267151614,-0.0028632210912393086
"speaker, ceiling, wall","Polk Audio - Vanishing Series RT 7 3-Way In-Ceiling Speaker (Each) - White""",0.01419371601401942,6.7894736842105265,0.30626566416040096,0.3019186162984632,0.0006402628633861841
"speaker, audio","Portable Bluetooth Wireless Speaker, Red",-0.31919299934432127,23.42105263157895,0.18405103668261563,0.24279883911377143,-0.0025083331375100218
"car, speaker, subwoofer","Power Acoustik - MOFO 15.50 1700 W Woofer - Royal Blue""",-0.4516096564698378,0.7894736842105263,0.5400882482179474,0.7839973164590511,-0.3089514864387314
"car, speaker, subwoofer","Power Acoustik EG1-4500D Edge Series Monoblock Class D Amp, 4,500 Watts Max",-0.1335555595676941,1.773684210526316,0.2508697465225032,0.2843747958979217,-0.018890087184954045
"car, gps, dash","Power Acoustik LP-3CSC License Plate with 2 Backup Sensors and CCD Camera, Chrome",-0.5434429504166393,11.592105263157896,0.19312865497076026,0.2980830610380673,-0.00905395557447825
"car, gps, dash","Power Acoustik Pmd-102x 10.1 Ceiling-Mount Swivel Monitor With DVD""",-0.7912188033291749,4.526315789473684,0.550563909774436,0.9861804276223971,-0.096240858594317
"camera, shoot, point",PowerShot G5 X Digital Camera Free Accessory Kit,0.10045580567680935,0.2273182957393484,1.166369995396261,1.0492013577914732,0.5154386593639507
"camera, shoot, point",PowerShot G7 X Mark II Digital Camera with Free Accessory Kit,-0.15872825918394579,1.9460697197539305,4.550283241435024,5.272541779141887,-0.37113703089640027
"camera, shoot, point",PowerShot G9 X Digital Camera Accessory Kit (Silver),-0.44338777777023936,1.644399460188934,0.29141856133479055,0.4206299896460235,-0.07857666670383556
"networking, adapter, switch",ProSafe 16-Port 10/100 Desktop Switch,-0.7336546184738958,1.0035087719298246,0.33939014202172096,0.588385287180468,-0.24812453276308707
"turntable, cd, audio","Pyle BT Vintage Style Turntable with AM/FM Radio, CD _ Cassette Players, USB Flash Recording _ Slide-Out /MP3 Dock",0.16264147130153583,2.0526315789473686,0.356998556998557,0.29893578643578644,0.028286990786990762
"car, gps, dash",Pyle Backup Rear View Car Camera Monitor Screen System Kit - Parking and Reverse Safety Distance Scale Lines,1.5644241029663215,11.118421052631579,0.11661350345560872,-0.065819472081692,0.016408172947733557
"projector, presentation, screen",PyleHome - LCD Projector - Silver/White,-0.2558649971214738,2.210526315789474,0.6094736842105263,0.7654166666666666,-0.07054563492063491
"tv, streaming, medium","RCA Indoor Digital TV Antenna, Amplified, 40-Mile Range",0.5237127371273713,0.3684210526315789,0.19181286549707605,0.091358024691358,0.27266313932980607
headphone,RS 195 Digital Wireless Headphone System,0.06364095192354484,2.4962406015037595,0.6198593202463173,0.5804108830471602,0.0158031389984575
"car, gps, dash","Rand McNally 0528011715 IntelliRoute 7 TND 730 GPS Unit""",-0.5833333333333336,7.7368421052631575,-0.07280701754385965,-0.1152777777777778,0.005489417989417992
"headset, game, computer",Razer Kraken Pro Gaming Headset Green,0.4346364495181862,0.11695906432748539,13.033441636665984,7.3686328387029825,48.43411522258366
"mouse, keyboard",Razer Naga Chroma MMO Gaming Mouse 12 Programmable Thumb Buttons 16000 DPI Wired,-0.2613911533841792,5.70438596491228,0.6035217875606892,0.7612770437036592,-0.027655081039979386
"tv, streaming, medium",Razer Ripsaw USB 3.0 Game Stream and Capture Card for PC,-0.42570830390676945,1.3289473684210527,0.6426056308666008,0.916168184063761,-0.2058490499305364
"speaker, center, channel",Reference Premiere RP-440C Center Speaker (Ebony),-0.006685402322263974,0.21052631578947367,0.14957885410287838,0.15057884892145937,-0.004749975388259595
"headphone, earbud, bluetooth",Refurbished Jaybird F5-S-B Freedom F5 In-Ear Wireless Headphones - Carbon,-1.0346031855640954,30.26466165413534,0.6872769425511729,1.3983358566793682,-0.023494692333064185
"tv, 4k, television","Refurbished LG 65 Class 4K (2160P) Smart LED TV (65UJ7700)""",-0.4948423373750314,1.876194797338173,0.10456577603024043,0.15630934905047864,-0.02757899824349195
"tv, 4k, television","Refurbished Samsung Curved 65 4K (2160P) Smart QLED TV (2017 Model) + 1 Year Extended Warranty (QN65Q7CAMFXZA)""",0.08346131777293374,15.095333029543557,0.6165070587743207,0.5650525672327004,0.0034086357313824803
"tv, television, led","Refurbished TCL 49 Class 4K (2160P) Roku Smart LED TV (49S405)""",0.4238194604738064,3.596491228070176,1.4464609800362975,0.8334226678809006,0.17045455508711035
"tv, 4k, television","Refurbished Vizio 55 Class 4K (2160P) Smart LED Home Theater Display (M55-D0)""",-2.0258729129248803,14.081871345029239,2.15744913243075,6.5281668908354895,-0.3103790434747552
"tablet, computer, ipad",Riing 12 LED 120mm Radiator Fan (Blue),-0.27449367290319954,2.706766917293233,0.4407225255046813,0.5616980702616353,-0.0446937429240969
"camera, camcorder, action",Roll Bar Mount,1.0765318664383356,23.94736842105263,0.20081952039188877,-0.015369092712842647,0.009027656371406368
"keyboard, computer, mouse",Rugged Book Keyboard and Case for iPad Air 2,-0.0743549255705678,0.3157894736842105,0.6953368870551533,0.7470386095386096,-0.16372212119761143
"speaker, audio",Russound - 2-Way Outdoor Rock Loudspeaker (Each) - Gray Granite,1.5329501457383126,3.0789473684210527,-0.03874861980125138,0.020651082570235395,-0.01929221102663673
"speaker, audio","Russound - Acclaim 5 Series 5-1/4 2-Way Indoor/Outdoor Speakers (Pair) - White""",-1.8915754597337016,2.1052631578947367,0.020843776106934005,0.060271351478994026,-0.018728098301728516
"tv, television, led","SAMSUNG 40 Class FHD (1080P) Smart LED TV (UN40J5200AF)""",-0.40154272598264895,18.536230728335994,0.06720233097896054,0.09418693815264059,-0.001455776396461723
"tv, television, led","SAMSUNG 65 Class 4K (2160P) Ultra HD Smart QLED HDR TV QN65Q6FNAFXZA (2018 Model)""",-0.2713521615915747,11.312168120836851,1.006735148555858,1.2799149072667053,-0.02414919543209882
"speaker, audio",SP-FS52 Andrew Jones Designed Floorstanding Loudspeaker,-0.37700713251914525,2.8070175438596494,0.1134012814185112,0.15615437335010074,-0.015230789000628771
"speaker, bluetooth, mobile",SRS-XB10 Bluetooth Speaker (White),0.7845280918575559,0.39213418160786584,0.20628993278946428,0.04444968544872241,0.41271650096186235
"speaker, bluetooth, mobile",SRS-XB40 Bluetooth Speaker (Black),-0.2160429277272895,3.7963659147869673,1.0810692452777362,1.3146266101034696,-0.06152129959760199
"speaker, bluetooth, mobile",SRS-XB40 Bluetooth Speaker (Blue),-0.1831502754640761,4.315789473684211,0.8589804827981934,1.0163029948409477,-0.03645277718063817
"wireless, speaker, audio",SRS-ZR7 Wireless Speaker,-0.6361343744279033,7.148245614035088,0.5623361929803308,0.9200575753200422,-0.050043241608451465
"mount, tv, stand",SUT670P Slim Tilting Wall Mount for 32 to 80 Displays (Black),0.39200530399639627,0.15789473684210525,0.12412961135871353,0.07547014532308652,0.3081766182256378
"tv, television, led","Samsung - 32 Class (31.5"" Diag.) - LED - 720p - Smart - HDTV""",1.2345952445949833,1.3915413533834586,0.1598111346977356,-0.037490932233417124,0.14178670756095266
"tv, television, led","Samsung - 40 Class (39.5"" Diag.) - LED - 1080p - Smart - HDTV""",0.0867313315057046,4.758771929824562,0.5691328599269797,0.519771209181863,0.010372770847821742
"tv, television, led","Samsung - 40 Class - LED - MU6290 Series - 2160p - Smart - 4K Ultra HD TV with HDR""",0.47337519048878585,2.3947368421052633,1.524646044936904,0.8029164329869228,0.3013815961988931
"tv, television, led","Samsung - 40 Class - LED - MU7000 Series - 2160p - Smart - 4K UHD TV with HDR""",-0.5184856995049648,8.850202429149798,0.8158908300162171,1.2389185577368618,-0.0477986499300088
"tv, television, led","Samsung - 49 Class (48.5"" Diag.) - LED - 1080p - Smart - HDTV""",0.8810641627543038,0.3,0.1482873851294904,0.01763668430335094,0.43550233608713157
"tv, television, led","Samsung - 49 Class - LED - Q6F Series - 2160p - Smart - 4K UHD TV with HDR""",0.7292286573738233,7.2749999999999995,0.6706092153460574,0.1815817576167389,0.0672202691036864
"tv, television, led","Samsung - 50 Class (49.5"" Diag.) - LED - 1080p - Smart - HDTV""",0.842027251151617,6.150563909774436,0.3321637426900585,0.05247281950051552,0.04547402925853026
"tv, television, led","Samsung - 55 Class - LED - Curved - MU6490 Series - 2160p - Smart - 4K Ultra HD TV with HDR""",1.147345103859208,3.0526315789473686,1.045069583940936,-0.1539858863858765,0.39279403338292135
"tv, television, led","Samsung - 55 Class - LED - Curved - Q7C Series - 2160p - Smart - 4K UHD TV with HDR""",-0.617408234107429,15.562296932458223,0.16139975741351217,0.26104929662355614,-0.006403266795546441
"tv, television, led","Samsung - 55 Class - LED - Q8F Series - 2160p - Smart - 4K UHD TV with HDR""",15.020524267996285,6.059649122807016,0.053827751196172245,-0.7546932919375992,0.13342703954436877
"tv, television, led","Samsung - 65 Class - LED - MU6290 Series - 2160p - Smart - 4K Ultra HD TV with HDR""",-0.25818274315159784,2.6100877192982455,0.1542660068975858,0.19409482773344783,-0.015259571753615425
"tv, 4k, television","Samsung - 65 Class - LED - MU7000 Series - 2160p - Smart - 4K UHD TV with HDR""",-0.3974769508636052,14.000923361034163,1.4348069110286457,2.0051095871023397,-0.04073321890046896
"tv, television, led","Samsung - 65 Class - LED - Q7F Series - 2160p - Smart - 4K UHD TV with HDR""",3.440430819197344,8.518796992481203,0.20227038183694535,-0.493626873645696,0.08168961604518209
"drive, storage, hard",Samsung - 850 EVO 500GB Internal SATA Solid State Drive for Laptops and PC,-0.06103565855901484,3.1345029239766085,0.4153110047846889,0.44065978546852863,-0.008087017718165262
"power, battery, cell",Samsung - Adaptive Fast Charging Wall Charger - White,0.46161739061391516,2.333333333333333,1.0479528796440003,0.5641996058563991,0.2073228316232579
"power, battery, cell",Samsung - Fast Charge Wireless Charger - Black,-2.800000000000001,8.105263157894736,0.19999999999999998,0.7600000000000001,-0.06909090909090912
"tablet, computer, ipad","Samsung - Galaxy Tab E - 9.6 - 16GB - Black""",2.045550289626119,0.631578947368421,0.006610275689223058,-0.00691137566137566,0.021409281305114637
"tv, television, led","Samsung 24 Class HD (720P) LED TV (UN24H4500)""",2.345320988114449,28.701754385964907,0.1744987468671679,-0.23475682656007144,0.01425890445314954
"tv, 4k, television","Samsung 55 Class 4K (2160P) Smart LED TV (UN55KU7000)""",-1.714285714285714,31.57894736842105,-0.02631578947368421,-0.07142857142857142,0.0014285714285714284
"card, memory, camera","Samsung 64GB PRO+ microSDHC Card with Adapter, MB-MD64DA/AM",4.653846153846152,19.842105263157894,0.028508771929824567,-0.10416666666666663,0.006686560565870909
"phone, cell",Samsung Galaxy Grand Prime G530A AT_T Unlocked 4G LTE Phone w/ 8MP Camera - White,-0.14345934109456626,0.3511191300713497,694.4832055649115,794.113308636496,-283.7501421564212
"tablet, computer, ipad",Samsung Galaxy Tab E Lite 7 8gb White - Sm-T113nykaxar,-1.0244807458538825,12.582007277990655,0.13089464073471532,0.26499367990289246,-0.010658000445028572
"tablet, computer, ipad","Samsung Galaxy Tab E Lite Kids 7; 8 GB Wifi Tablet (White) SM-T113NDWACCC""",-0.2191993950056202,1.3157894736842106,0.32332444098024365,0.39419696283364347,-0.05386311660858382
"case, computer","Samsung Leather Flip Book Cover Case for Samsung Galaxy Note 10.1 2014 Edition - Black Retail Packaging""",0.9999999999999992,58.8421052631579,-0.02631578947368421,-1.734723475976807e-17,-0.0004472271914132376
"headphone, earbud, bluetooth","Samsung Level U PRO Headphones with ANC, Black",-0.9438378711050766,7.0894736842105255,0.3643748614646447,0.7082856549936423,-0.04851005996325874
"wireless, speaker, audio",Samsung Radiant360 R1 Wi-Fi/Bluetooth Speaker WAM1500/ZA - Black (Certified Refurbished),-54.96284889224074,2.531578947368421,0.0018737953396581464,0.10486292544827377,-0.04068177696598122
"security, surveillance, camera",Samsung SNH-P6410BN SmartCam HD Pro 1080p WiFi IP Camera,-1.2180777326534373,7.578947368421052,0.08134205835444223,0.18042300836418484,-0.013073180904063259
"tv, 4k, television",Samsung UN55KS8500 Curved 55-Inch 4K Ultra HD Smart LED TV (2016 Model),0.15814784625028094,0.21677570549751002,1.3843230792385666,1.1653953657424303,1.0099273486098792
"tv, 4k, television",Samsung UN65KS9500 65-inch Smart 4K UHD TV,18.298986486486466,12.105263157894736,-0.0026315789473684236,0.045523648648648635,-0.00397804054054054
"smart, home, automation",Samsung-3-Pack-Connect-Home-Smart-Wi-Fi-System-AC1300,-0.1292441355452274,1.2105263157894737,0.6505737683369263,0.7346566126340333,-0.06945974094108845
"card, memory, camera",SanDisk - High Endurance 64GB microSDXC Memory Card,1.0,2.0,0.017543859649122803,0.0,0.008771929824561401
"card, memory, camera",SanDisk - Ultra 32GB microSDHC Class 10 Memory Card,-0.038593612119324563,0.06220095693779905,0.5137734943318194,0.5336018692892517,-0.3187792589310259
"player, ipod",SanDisk 8GB Clip Jam MP3 Player (Pink),0.25281542170879207,0.2556390977443609,0.6660497139033793,0.4976620746038761,0.6586928243186447
"drive, storage, hard",SanDisk Extreme 500 480GB USB 3.0 Portable SSD (Solid State Drive) - SDSSDEXT-480G,-0.6242878950125094,1.9323308270676691,0.20384087270551263,0.33109626204435,-0.06585590187574074
"player, ipod",Sandisk Flash Mp3 Player 8gb - Pink (sdmx24008p),-0.6204230876038064,2.693620414673046,0.5215771488378863,0.8451756539434778,-0.12013515465759127
"mount, tv, stand",Sanus - Speaker Stands (Pair) - Black,-0.4246755175383886,3.5789473684210527,0.3245517640254483,0.46238095238095245,-0.03851109674639088
"mount, tv, stand","Sanus Tilt TV Wall Mount for 46 - 90"" - Bracket fits most LED""",0.7920215329981913,54.017543859649116,0.08646616541353383,0.01798310053023157,0.0012677930166769176
"mount, tv, stand",Sanus WSS2-W1 White Sonos Speaker Stands,-0.38783802085684577,0.4473684210526316,0.10885547201336679,0.1510737628384687,-0.09437029713846316
"drive, storage, hard",Seagate - Backup Plus 5TB External USB 3.0 Portable Hard Drive - silver,-0.13369091665750715,0.31798245614035087,0.5940952737668889,0.673520415498677,-0.2497783767565196
"drive, storage, hard",Seagate - SkyHawk Surveillance HDD 6TB Internal SATA Hard Drive for Desktops,-1.1504305762658664,3.1578947368421053,0.06002746099699006,0.12908488754353414,-0.021868185073072297
"drive, storage, hard",Seagate Backup Plus 2TB Portable External Hard Drive for Mac USB 3.0 + 2mo Adobe CC Photography (STDS2000100),-0.8677429134455056,1.4078947368421053,0.16810207336523125,0.3139714562634071,-0.1036081598155268
"drive, storage, hard",Seagate Backup Plus Hub 8TB External Desktop Hard Drive Storage + 2mo Adobe CC Photography (STEL8000100),-0.19402895309052703,1.0,0.3209601644476152,0.3832357291391494,-0.062275564691534176
"drive, storage, hard",Seagate Backup Plus Ultra Slim 2TB Portable External Hard Drive,0.04910486165229029,0.52046783625731,-0.07137533683833644,-0.0678704607975043,-0.006734087673958361
headphone,Sennheiser - HD 599 Over-the-Ear Headphones HD 5 - Brown/ivory/matte metallic,0.026125422762523103,0.15037593984962405,1.2847332851020958,1.2511690848917183,0.22320193139900957
headphone,Sennheiser - HD 800 Over-the-Ear Headphones - Silver/Black,6.07039816890061,1.0134158926728585,0.03551642994122794,-0.1800824413398889,0.2127447110706744
headphone,Sennheiser - RS 175 Over-the-Ear Wireless Headphone System - Black,-0.25777800490847685,2.2105263157894735,0.7730621425358268,0.972340559308985,-0.09014975996880957
headphone,Sennheiser Momentum 2.0 for Samsung Galaxy - Black,0.47858817721831437,9.394736842105264,0.2176470588235294,0.1134837496642492,0.011087411058970998
"tv, 4k, television","Sharp Aquos N7000 65 Class 4K Ultra WiFi Smart LED HDTV""",-0.08975003369470252,1.9298245614035086,0.6113146545287291,0.6661801653707479,-0.0284303101635916
"receiver, amplifier, home",Sherwood - 200W 2.0-Ch. A/V Home Theater Receiver - Black,-0.2666666666666667,0.8842105263157896,0.04888482453081401,0.06192077773903109,-0.014743042318816926
"receiver, amplifier, home",Sherwood - 400W 4.0-Ch. Stereo Receiver - Black,-2.1497326203208544,0.7999999999999999,-0.014473684210526317,-0.04558823529411764,0.038893188854489155
"lens, camera",Sigma - 35mm f/1.4 DG HSM Art Standard Lens for Canon - Black,-0.03304279553136334,1.1473684210526316,0.39736300167174887,0.4104929860877173,-0.011443564399238501
"case, computer",Silencio 352 microATX Case (Black),1.0276546857049074,0.21052631578947367,1.0770454545454546,-0.02978535353535361,5.257446338383839
"tv, streaming, medium",SiliconDust HDHomeRun CONNECT Quatro Live TV for Cord Cutters 4-Tuner (HDHR5-4US) with Terk Indoor Flat 4K HDTV Multi-Directional Antenna,1.5072992700729921,0.7368421052631579,0.04761904761904762,-0.024157108098713916,0.09741049704553352
"tv, streaming, medium",Silicondust HDHomeRun-HD-Television-Tuner,0.0890896298538655,1.0789473684210527,0.6887009189640768,0.6273448090135502,0.05686663849073199
"car, gps, dash",Single DIN Head Unit Receiver - In-Dash Car Stereo with 7” Multi-Color Touchscreen Display - Audio Video System with Bluetooth for Wireless Music Streaming & Hands-free Calling - Pyle PLTS78DUB,-0.5790091325741532,10.421052631578947,0.6224161803109172,0.982800832972859,-0.034582365659479274
"radio, portable, satellite",SiriusXM - Onyx Plus Satellite Radio Receiver with Home Kit - Black,0.14017055560160652,0.631578947368421,0.05489125248850648,0.04719711512952448,0.01218238415172153
"radio, portable, satellite",SiriusXM Commander Touch Full-Color,-0.4770671155059962,2.1052631578947367,0.3970760233918129,0.5865079365079365,-0.08998015873015874
"radio, portable, satellite",SiriusXM SXEZR1H1 XM Onyx EZR Satellite Radio with Free 3 Months Satellite and Streaming Service,-1.116589119541876,4.2631578947368425,0.35910288541867486,0.7600732600732603,-0.09405477923996446
"radio, portable, satellite",SiriusXM SXEZR1V1 XM Onyx EZR Satellite Radio Receiver with Vehicle Kit,-0.7272727272727274,7.157894736842105,0.03668261562998404,0.06336088154269971,-0.003727110678982336
"speaker, portable, bluetooth",SiriusXM SXSD2 Portable Speaker Dock Audio System for Dock and Play Radios (Black),-0.5833333333333334,5.157894736842105,0.5784396417136355,0.9158627660465896,-0.06541876900332783
"receiver, amplifier, home",Sony - 1155W 7.2-Ch. Hi-Res Network-Ready 4K Ultra HD and 3D Pass-Through HDR Compatible A/V Home Theater Receiver - Black,-0.21628534544947334,2.013157894736842,1.0713662350613822,1.303087051314535,-0.11510315055712161
"sound, speaker, home","Sony - 2.1-Channel Soundbar System with 6.3 Wireless Subwoofer and Digital Amplifier - Black""",-0.12931557103107386,2.698412698412698,1.5033701295474524,1.6977792963209406,-0.07204575003958684
"sound, speaker, home",Sony - 2.1-Channel Soundbar System with Wireless Subwoofer and Digital Amplifier - Black,-0.12910525944126575,1.4786967418546366,3.2336896161973563,3.651175953049043,-0.28233398034546275
"tv, television, led","Sony - 49 Class - LED - X900E Series - 2160p - Smart - 4K UHD TV with HDR""",-0.017033953415619345,1.686134174562967,1.3628754938999341,1.3860906515743148,-0.01376827421245873
"sound, speaker, home",Sony - 5.1-Ch. 3D / Smart Blu-ray Home Theater System - Black,-0.6371557223314079,2.8466478696741846,1.0494460086502932,1.7181065383396839,-0.2348940087787966
"tv, 4k, television","Sony - 55 Class - LED - X800E Series - 2160p - Smart - 4K UHD TV with HDR""",-0.5453044933519086,5.972537112010795,0.47451927854511594,0.7332767733178736,-0.04332455201532282
"tv, 4k, television","Sony - 55 Class - OLED - A1E Series - 2160p - Smart - 4K UHD TV with HDR""",-0.1807672097878377,2.428070175438596,0.767978168714451,0.9068034394509354,-0.057175147629910564
"speaker, subwoofer, separate","Sony - Core Series 10 115W Active Subwoofer - Black""",-0.24130774926523685,2.7959899749373434,1.6092982418694697,1.9976343785114943,-0.13889038949459284
"speaker, audio","Sony - Core Series Dual 5 3-Way Floorstanding Speaker (Each) - Black""",0.10911223088925265,0.3293233082706767,1.9028834373684715,1.6952555803949882,0.6304681501706231
"camera, shoot, point",Sony - Cyber-shot DSC-HX80 18.2-Megapixel Digital Camera,-0.167357963522316,0.4105263157894737,3.415986014462785,3.987678477263989,-1.392584204259344
headphone,Sony - Over-the-Ear Hi-Res Headphones - Black,0.6518601711711289,0.8309409888357258,0.07857789066250916,0.0273560934049797,0.061643122611268676
"camera, bag",Sony - Premium Jacket Camera Case - Black,-0.29204861507348395,2.165413533834587,0.21308815924690286,0.27532026104351887,-0.02873913034357613
headphone,Sony - RF995RK Wireless Over-the-Ear Headphones - Black,1.3324586627857262,3.388843362813614,5.338681718531284,-1.7748909851815133,2.099115226679199
"speaker, bluetooth, mobile",Sony - XB20 Portable Bluetooth Speaker - Blue,-0.04357925067931621,1.6453634085213031,0.42532620846530483,0.44386160592449747,-0.011265230138945708
"speaker, portable, bluetooth",Sony - XB7 Extra Bass Audio System with Bluetooth - Black,-0.42712776262964947,5.448464912280701,2.941450088157364,4.197825083198804,-0.23059247242459116
"tv, television, led","Sony 43 Class 4K UHD (2160P) Smart LED TV (XBR43X800E)""",-0.6340972250800595,4.701754385964913,0.4371778884068681,0.714391174312023,-0.05895954215146953
"tv, 4k, television","Sony 65 Class 4K (2160P) Smart OLED TV (XBR65A1E)""",0.2216450233904118,3.137153781890624,2.791320771717351,2.172638413979917,0.19721135804971032
"sound, speaker, home",Sony HTST9 Soundbar with Wireless Subwoofer Bluetooth and Google Cast,-0.1860807421775505,0.9824561403508772,0.3192231916690121,0.3786244800950683,-0.060462025719378656
"headphone, earbud, bluetooth",Sony MDR-1000X/C Wireless Bluetooth Noise Cancelling Hi-Fi Headphones (Certified Refurbished),-0.25469929635825705,3.1447368421052633,0.16952039188881293,0.21269711642126957,-0.013729837089818847
headphone,Sony MDR-1A Headphone - Black (International Version U.S. warranty may not apply),0.19844946719555293,0.12781954887218044,0.23434107278317495,0.1878362117473196,0.36383214810404485
"headphone, earbud, bluetooth",Sony MDRXB950B1 Extra Bass Wireless Headphones App Control BLACK #97 (GRADE A),0.2698349817389279,1.4441873915558125,0.3454671447288442,0.252248024039537,0.06454780123020114
"headphone, earbud, bluetooth",Sony MDRXB950N1 Headphones Bluetooth Noise Cancel Extra Bass Blk MDR-XB950N1 #95,0.07074993644834042,0.9530075187969925,0.2226893332599899,0.20693407708412231,0.016532142575072104
"headphone, earbud, bluetooth",Sony Premium Noise Cancelling,-1.1137597063675992,18.50438596491228,0.7823003409060286,1.6535949388848,-0.04708584222307652
"speaker, bluetooth, mobile",Sony SRSHG1/BLK Hi-Res Wireless Speaker- Charcoal black,-0.6052683540073747,6.140350877192982,0.12794344856613366,0.2053835690857846,-0.01261167677034315
"receiver, amplifier, home",Sony STRDN1070 7.2-channel AV Receiver w/ Bluetooth,-0.1157574634929456,1.3157894736842106,0.769017094017094,0.8580365622032289,-0.0676547958214625
"tv, television, led","Sony XBR-65A8F 65 BRAVIA OLED 4K HDR TV""",2.422459893048128,0.2631578947368421,-0.016541353383458652,0.023529411764705885,-0.15226890756302525
"tv, 4k, television",Sony XBR55X700D 55-Inch 4K Ultra HD Smart LED TV (2016 Model),-0.5802825947334617,1.0526315789473684,0.10546636862426335,0.16666666666666663,-0.058140283140283126
"headphone, earbud, bluetooth",SoundSport Wireless In-Ear Headphones (Black),-0.11448520784636618,0.17105263157894737,0.7105407813308187,0.7918871903647968,-0.4755636220447956
"case, computer",Source 530 Full Tower Case (Black),-0.12580716423957838,0.4473684210526316,1.6961582901374335,1.9095471547210758,-0.4769868737752009
"tablet, computer, ipad",StarTech.com - DVI Dual-Monitor USB 3.0 Docking Station - Black / Silver,3.0927609245938634,4.973684210526316,0.10290148448043185,-0.21534820580334962,0.06398671021578675
"cable, tv, theater","Startech VGA Video Extender Over Cat5, Point to Point",-1.1642162126494848,0.06315789473684211,-0.03389828899035351,-0.0733632266140006,0.6248615123744123
"screen, projector, projection",T113UWS1 Portable Tripod Screen (80x80),3.620517703858013,3.1710526315789473,-0.006523260319876455,0.017094319155110727,-0.007447867386303014
"screen, projector, projection",T92UWH Portable Tripod Screen (45x80),0.12154315230420529,2.745614035087719,1.5973997493734338,1.403246748344639,0.07071387257917759
"networking, adapter, switch",TL-SF1008P 8-Port 10/100Mbps Desktop Switch with 4-Port PoE,0.16397072982861538,0.5657894736842105,0.023006379585326944,0.01923400673400672,0.0066674496907054995
"networking, adapter, switch",TL-SG108 8-Port 10/100/1000 Mbps Unmanaged Desktop Switch,-0.5833333333333334,3.1315789473684212,0.8332277688909898,1.3192773007440672,-0.1552090942051844
"networking, adapter, switch",TP-Link AV500 2-port Powerline Starter Kit,0.5228196174035274,0.10526315789473684,-0.04802726513252828,-0.02291766875100207,-0.23854116562449898
"tv, streaming, medium",Tablo DUAL OTA DVR for Cord Cutters - 64 GB with WiFi - For use with HDTV Antennas,-0.5541246084232505,0.9473684210526315,0.11230728335991495,0.17453951277480687,-0.06568957549349702
"headphone, earbud, bluetooth",The Rebel BT On-Ear Wireless Bluetooth Headphones (Black),0.025355630277059317,0.8526315789473684,0.25422043374754194,0.2477745144205655,0.007560028840280877
"power, computer, supply",Thermaltake - SMART Series 650W Bronze Power Supply - Black,-0.01974311245866197,0.07894736842105263,1.034194649519727,1.0546128707893414,-0.25863080274844996
"drive, storage, hard",Toshiba - 1TB Internal SATA Hard Drive for Desktops,1.332613403424992,1.2105263157894737,0.6529657477025899,-0.2171851596633031,0.7188203147805202
"drive, storage, hard",Toshiba - 1TB Internal SATA Hard Drive for Laptops,-0.13421725926417322,0.05263157894736842,0.24277661583536306,0.27536142782621653,-0.6191114278262165
"sound, speaker, home",Toshiba - 2.0-Channel Soundbar with 16-Watt Digital Amplifier - Black,1.9344262295081958,0.4912280701754386,0.03822055137844612,-0.03571428571428569,0.1505102040816326
"drive, storage, hard",Toshiba - 2TB Internal SATA Hard Drive for Desktops,-1.0060092292053233,1.8973684210526314,0.6062737056545106,1.2161906489674599,-0.32145414488061125
"drive, storage, hard",Toshiba - Canvio Basics 1TB External USB 3.0 Portable Hard Drive - White,1.428271479014911,0.10526315789473684,0.0195712865204741,-0.008381823824348048,0.2655545482758103
"audio, shelf, tabletop",Toshiba Micro Component Speaker System: Wireless Bluetooth Speaker Sound System with FM,0.13636363636363638,3.333333333333333,-0.041353383458646614,-0.03571428571428571,-0.0016917293233082707
"drive, storage, hard",Toshiba X300 4TB Performance Desktop and Gaming Hard Drive 7200 RPM 128MB Cache SATA 6.0Gb/s 3.5 Inch Internal Hard Drive (HDWE140XZSTA),-0.6100274889303993,2.824561403508772,2.8710896559580767,4.622533269276227,-0.6200763103051834
"headset, game, computer",Turtle Beach - EAR FORCE Stealth 450 Over-the-Ear Wireless Gaming Headset for PC - Black/Red,-0.9873430538679624,10.473684210526315,0.05263157894736842,0.10459700283515591,-0.004961522883758605
"player, ipod",UBD-M9500 HDR UHD Upscaling Blu-ray Disc Player,0.20426089063963707,4.815979342295131,0.43190604149148426,0.34368452878379363,0.01831849898792283
"projector, presentation, screen",Universal Projector Mount with 3 Extension Column,-2.0643338620142737,1.9956140350877192,-0.02729631095282065,-0.08364500996079942,0.0282362711512509
headphone,V-MODA - CROSSFADE M-100 Over-the-Ear Headphones - Black,-0.20272320457768073,1.013157894736842,0.6643067261430243,0.7989771144892461,-0.13292142226380319
headphone,V-MODA - CROSSFADE M-100 Over-the-Ear Headphones - Shadow,-0.45276724535894913,0.9210526315789473,0.533207618404987,0.7746265629946185,-0.26211199698302867
"headphone, earbud, bluetooth",V-MODA - Crossfade 2 Wireless Over-the-Ear Headphones - Rose gold,-0.07549995432861596,1.736842105263158,2.678386249023368,2.880604288499025,-0.11642856818295419
headphone,V-MODA - Crossfade Wireless Headphones - Gunmetal Black,3.2371273712737114,0.3007518796992481,0.03504273504273506,-0.07839506172839505,0.37718067426400764
headphone,V-MODA Crossfade Wireless Over-Ear Headphones - Phantom Chrome,-0.436218574020827,2.800501253132832,0.17182998255411788,0.24678541251789876,-0.026765004971853027
headphone,V-MODA XS On-Ear Folding Design Noise-Isolating Metal Headphone (Matte Black Metal),-0.28282580056072604,1.7017543859649125,0.842951243593092,1.0813596038959679,-0.14009563440478268
"monitor, computer",V206HQL Abd 19.5 LED Backlit LCD Monitor (Black),-0.6353625893792387,1.714912280701754,0.11318657950236896,0.18510109773797317,-0.041934808587513465
"monitor, computer",VG939SM 19 Ergonomic LED LCD Multimedia Display,-0.13761212373565088,2.8289473684210527,1.0789523943548711,1.2274293247517105,-0.05248486841934785
"tv, 4k, television","VIZIO - 50 Class - LED - M-Series - 2160p - Smart - Home Theater Display with HDR""",-0.06846081775932455,0.631578947368421,0.674727047503817,0.7209194129402628,-0.0731379119410394
"tv, television, led","VIZIO 39 Class FHD (1080P) Smart LED TV (D39f-E1)""",0.025234139564932246,1.7916666666666665,0.8196304326420202,0.7989477639130657,0.011543815104532765
"tv, television, led",VIZIO M-Series 70” SmartCast 2160p 4K XHDR Plus XLED Plus Display (M70-D3),-285.0010316534926,4.9220272904483435,0.0002414292612264592,0.0690490177821079,-0.013979521945034525
"projector, presentation, screen",VPL-HW45ES Full HD Home Theater Projector (Black),-0.6792767896135911,0.757085020242915,0.19750954101548324,0.3316731879545346,-0.17721080638473624
"monitor, computer",VS278Q-P 27 16:9 LCD Monitor,-0.16115590899705085,1.5,0.2826065162907268,0.3281502263120488,-0.03036247334754796
"phone, cell",VXi - BlueParrott B450-XT Bluetooth Headset - Black,-0.8999999999999997,8.052631578947368,0.02631578947368421,0.04999999999999999,-0.0029411764705882344
"case, computer",Versavu Classic 360 Case for Apple iPad Air,-0.14492931001809078,1.043859649122807,-0.10604336066410369,-0.1214121517571518,0.014723043568130112
"monitor, computer","ViewSonic - 21.5 LED HD Monitor - Black""",-0.06369415332037588,1.3508771929824561,0.41511858205886226,0.4415592086706565,-0.019572931387951558
"remote, control, tv",Viper 7153V 1-Way 5-Button SuperCode Replacement Remote for 5701,-0.9829224199198829,22.16842105263158,0.2006949191159717,0.39796245467906777,-0.008898583038221332
"phone, cell",Virgin Mobile - LG Stylo™ 3 4G LTE with 16GB Memory Prepaid Cell Phone - Gray,-0.16290074900498286,0.42105263157894735,0.8665743305632502,1.0077399380804952,-0.335268317853457
"sound, speaker, home",Vizio 38 5.1 Sound Bar System - Black (sb3851-C0),-0.1566249567394032,0.7679046100098731,6.319023864877933,7.308740704349696,-1.2888538844154585
"tv, television, led",W650D-Series 48-Class Full HD Smart LED TV,-8.85686370159383,8.555555555555555,-0.012672166836159139,-0.12490782130787814,0.013118453120071054
"drive, storage, hard",WD - My Book 6TB External USB 3.0 Hard Drive - Black,-0.1176470588235294,2.1052631578947367,0.05263157894736842,0.058823529411764705,-0.002941176470588235
"drive, storage, hard",WD - My Passport X 3TB External USB 3.0 Portable Hard Drive - Black,-0.5833333333333333,1.2526315789473683,-0.06512493354598618,-0.10311447811447813,0.03032778768072886
"tv, streaming, medium",Wireless HD Digital Kit,-0.8320770844327768,5.021052631578947,0.4056042884990253,0.7430983223067251,-0.0672157928967117
headphone,XB550AP EXTRA BASS Headphones (Black),0.4956404079109918,1.2128654970760233,0.24944966024687384,0.12581232888885496,0.10193820473587863
"headphone, earbud, bluetooth",XB80BS Extra Bass Sports In-Ear Bluetooth Headphones (Black),-0.6482929393440033,8.549820062977957,2.22253845562827,3.6633944438326025,-0.16852471485844037
"tv, television, led",XBR-X850E-Series 75-Class HDR UHD Smart LED TV,-0.3082945130655698,6.601364522417154,0.4886216326702495,0.6392610009876278,-0.02281942889319801
"speaker, audio",YU2 Powered Desktop Speakers (Glossy Red),-2.8000000000000007,6.631578947368421,0.09868421052631579,0.3750000000000001,-0.04166666666666668
"radio, portable, satellite",ZS-RS60BT CD Boombox,1.0476783911324177,0.11578947368421054,-0.017594615630326084,0.0008388829658472416,-0.15919839696695137
"phone, cell",ZTE Warp Elite No Contract Phone - Retail Packaging - Boost,-3.3909348441926377,18.0,0.038011695906432746,0.1669068800424102,-0.007160843563109858
"microphone, musical, recording",Zoom - H1 Handy Recorder - Black,-0.4361160718573818,12.368421052631579,0.8986679373157538,1.2905914680420763,-0.03168743439914947
"monitor, computer",e1659Fwu 16 Widescreen USB 3.1 Gen 1 Powered LED Backlit LCD Monitor,-0.30131131769506,5.3315789473684205,0.46128048241191805,0.600269512394466,-0.02606901845674641
"phone, cell",fr Case for Galaxy S7 (Black),-0.3455110945620154,4.631578947368421,0.6716791979949875,0.9037518128887724,-0.050106587306612625
"radio, portable, satellite",iHome iBN43BC Bluetooth Stereo Dual Alarm FM Clock Radio and Speakerphone with USB Charging,-1.3210063369414586,7.447368421052632,0.13092105263157894,0.30386859279694095,-0.02322263790206274
"speaker, portable, bluetooth",iPL24 FM Clock Radio with Lightning Dock and USB Port (Gunmetal),-0.2661988501731446,6.7105263157894735,0.34043785162206214,0.4310620162792707,-0.013504777478329118
"phone, cell",iPhone 7 Smart Battery Case (Black),0.1858418791902299,2.236842105263158,0.43387314439946023,0.35324134391409046,0.036047157864047615
"car, gps, dash","iSimple - StrongHold Headrest Mount for Most 7 - 10.2"" Tablets - Black""",8.499999999999991,0.5526315789473685,-0.004761904761904768,0.03571428571428572,-0.07324263038548753
"car, gps, dash",iSimple ISBC01 BluClik Bluetooth Remote Control with Steering Wheel and Dash Mounts,0.2432950191570881,0.23684210526315788,0.09294871794871795,0.07033475783475784,0.09548116492560936
"flash, camera",inactive,-0.18750000000000008,0.8526315789473685,0.07425080558539204,0.08817283163265306,-0.016328302154195014
"camera, shoot, point",instax mini 8 Instant Film Camera and Groovy Case Kit (Raspberry),-0.4038170234872719,2.9473684210526314,-0.16202817650186072,-0.22745791245791244,0.022199374699374694
"power, battery, cell",mophie powerstation Plus Mini External Battery with Built in Cables for Smartphones and Tablets (4,-0.12140739019275426,1.4385964912280702,4.7798596571172745,5.360169943575517,-0.40338641863560687
"sound, speaker, home",naxa - 2.1-Channel Soundbar with 50-Watt Digital Amplifier - Black,-0.06410297770751999,0.3157894736842105,-0.05885357332725755,-0.06262626262626263,0.011946849446849433
